사고부문,사고번호,사고일시,요일,시군구,사고내용,사망자수,중상자수,경상자수,부상신고자수,사고유형,법규위반,노면상태,기상상태,도로형태,가해운전자 차종,가해운전자 성별,가해운전자 연령,가해운전자 상해정도,피해운전자 차종,피해운전자 성별,피해운전자 연령,피해운전자 상해정도
뺑소니사고,2020113000100265,2020년 11월 30일 13시,월요일,부산광역시 부산진구 개금동,경상사고,0,0,1,0,차대사람 - 차도통행중,안전운전불이행,건조,맑음,단일로 - 기타,승용,남,24세,상해없음,보행자,여,27세,경상
뺑소니사고,2.02012E+15,2020년 12월 1일 10시,화요일,부산광역시 부산진구 범천동,경상사고,0,0,1,0,차대사람 - 기타,안전운전불이행,건조,맑음,단일로 - 기타,승용,여,65세,상해없음,보행자,여,28세,경상
뺑소니사고,2020120100100574,2020년 12월 1일 20시,화요일,부산광역시 사상구 주례동,중상사고,0,1,0,0,차대차 - 측면충돌,중앙선침범,건조,맑음,단일로 - 기타,원동기,남,20세,상해없음,원동기,남,37세,중상
뺑소니사고,2.02012E+15,2020년 12월 2일 21시,수요일,부산광역시 남구 대연동,중상사고,0,1,0,0,차대차 - 기타,안전운전불이행,건조,맑음,단일로 - 기타,승용,남,38세,상해없음,승용,여,33세,중상
뺑소니사고,2020120400100639,2020년 12월 4일 22시,금요일,부산광역시 중구 영주동,중상사고,0,1,0,0,차대차 - 측면충돌,안전운전불이행,건조,맑음,교차로 - 교차로부근,승용,남,45세,상해없음,이륜,남,38세,중상
뺑소니사고,2020120500100041,2020년 12월 5일 05시,토요일,부산광역시 남구 용호동,경상사고,0,0,1,0,차대차 - 추돌,안전운전불이행,건조,맑음,단일로 - 기타,승용,남,52세,상해없음,승용,남,47세,경상
뺑소니사고,2020120500100362,2020년 12월 5일 17시,토요일,부산광역시 부산진구 부전동,중상사고,0,1,0,0,차대사람 - 보도통행중,기타,건조,맑음,단일로 - 기타,이륜,남,18세,상해없음,보행자,남,24세,중상
뺑소니사고,2020120500100508,2020년 12월 5일 21시,토요일,부산광역시 기장군 기장읍,경상사고,0,0,1,0,차대차 - 추돌,안전운전불이행,건조,맑음,교차로 - 교차로부근,승용,남,44세,상해없음,승용,여,52세,경상
뺑소니사고,2020120600100028,2020년 12월 6일 02시,일요일,부산광역시 해운대구 우동,경상사고,0,0,1,0,차대차 - 추돌,신호위반,건조,맑음,교차로 - 교차로안,승용,남,22세,상해없음,승용,남,59세,경상
뺑소니사고,2020120900100547,2020년 12월 9일 21시,수요일,부산광역시 동래구 수안동,경상사고,0,0,3,0,차대차 - 측면충돌,중앙선침범,건조,맑음,단일로 - 기타,승용,남,44세,상해없음,승용,여,52세,경상
뺑소니사고,2020121000100093,2020년 12월 10일 09시,목요일,부산광역시 사상구 주례동,경상사고,0,0,2,0,차대차 - 측면충돌,안전운전불이행,건조,맑음,단일로 - 기타,화물,남,40세,상해없음,승용,남,30세,경상
뺑소니사고,2020121100100191,2020년 12월 11일 13시,금요일,부산광역시 동구 초량동,경상사고,0,0,1,0,차대차 - 추돌,안전운전불이행,건조,맑음,교차로 - 교차로부근,승용,남,49세,상해없음,승용,여,60세,경상
뺑소니사고,2020121200100222,2020년 12월 12일 14시,토요일,부산광역시 동래구 온천동,경상사고,0,0,1,0,차대차 - 기타,안전거리미확보,건조,맑음,단일로 - 기타,승용,여,19세,상해없음,승합,남,31세,경상
뺑소니사고,2.02012E+15,2020년 12월 12일 19시,토요일,부산광역시 남구 용호동,경상사고,0,0,1,0,차대차 - 추돌,안전운전불이행,건조,맑음,단일로 - 기타,승용,남,42세,상해없음,승용,여,49세,경상
뺑소니사고,2.02012E+15,2020년 12월 14일 14시,월요일,부산광역시 금정구 구서동,경상사고,0,0,2,0,차대차 - 기타,신호위반,건조,맑음,단일로 - 기타,승용,남,39세,상해없음,화물,남,34세,경상
뺑소니사고,2020121400100284,2020년 12월 14일 15시,월요일,부산광역시 부산진구 범천동,중상사고,0,1,0,0,차대차 - 측면충돌,안전운전불이행,건조,맑음,단일로 - 기타,승용,여,67세,상해없음,원동기,남,72세,중상
뺑소니사고,2020121400100456,2020년 12월 14일 19시,월요일,부산광역시 금정구 부곡동,경상사고,0,0,1,0,차대차 - 기타,신호위반,건조,맑음,기타 - 기타,승용,여,43세,상해없음,이륜,남,23세,경상
뺑소니사고,2020121400100533,2020년 12월 14일 22시,월요일,부산광역시 해운대구 우동,중상사고,0,1,0,0,차대차 - 정면충돌,중앙선침범,건조,맑음,교차로 - 교차로안,승용,남,35세,상해없음,승용,남,31세,중상
뺑소니사고,2.02012E+15,2020년 12월 15일 16시,화요일,부산광역시 부산진구 가야동,경상사고,0,0,1,0,차대사람 - 차도통행중,안전운전불이행,건조,맑음,단일로 - 기타,승용,여,20세,상해없음,보행자,여,60세,경상
뺑소니사고,2020121600100512,2020년 12월 16일 21시,수요일,부산광역시 부산진구 부암동,중상사고,0,1,0,0,차대차 - 측면충돌,안전거리미확보,건조,맑음,단일로 - 기타,승용,남,37세,상해없음,승용,남,58세,중상
뺑소니사고,2020121700100384,2020년 12월 17일 17시,목요일,부산광역시 남구 대연동,경상사고,0,0,1,0,차대차 - 기타,안전운전불이행,건조,맑음,교차로 - 교차로부근,화물,남,67세,상해없음,화물,남,42세,경상
뺑소니사고,2020121800100622,2020년 12월 18일 21시,금요일,부산광역시 동래구 온천동,경상사고,0,0,2,0,차대차 - 측면충돌,안전운전불이행,건조,맑음,단일로 - 기타,승용,남,25세,상해없음,승용,여,42세,경상
뺑소니사고,2020121900100329,2020년 12월 19일 17시,토요일,부산광역시 부산진구 부암동,경상사고,0,0,3,0,차대차 - 추돌,안전운전불이행,건조,맑음,단일로 - 고가도로위,화물,남,50세,상해없음,승용,남,44세,경상
뺑소니사고,2020122000100294,2020년 12월 20일 20시,일요일,부산광역시 금정구 장전동,부상신고사고,0,0,0,1,차대차 - 추돌,안전운전불이행,건조,맑음,단일로 - 기타,승용,남,26세,상해없음,승용,남,60세,부상신고
뺑소니사고,2020122100100006,2020년 12월 21일 00시,월요일,부산광역시 부산진구 양정동,경상사고,0,0,1,0,차대차 - 추돌,안전운전불이행,건조,맑음,단일로 - 기타,승용,남,35세,상해없음,이륜,남,21세,경상
뺑소니사고,2020122100100322,2020년 12월 21일 15시,월요일,부산광역시 금정구 부곡동,경상사고,0,0,1,0,차대차 - 기타,안전거리미확보,건조,맑음,단일로 - 기타,승용,남,42세,상해없음,원동기,남,18세,경상
뺑소니사고,2020122300100418,2020년 12월 23일 18시,수요일,부산광역시 영도구 동삼동,중상사고,0,1,0,0,차대사람 - 기타,안전운전불이행,건조,맑음,단일로 - 기타,승용,여,56세,기타불명,보행자,여,73세,중상
뺑소니사고,2.02012E+15,2020년 12월 23일 18시,수요일,부산광역시 사상구 모라동,중상사고,0,1,0,0,차대차 - 추돌,안전운전불이행,건조,맑음,단일로 - 기타,승용,남,57세,상해없음,승용,남,65세,중상
뺑소니사고,2020122500100387,2020년 12월 25일 23시,금요일,부산광역시 서구 암남동,경상사고,0,0,1,0,차대차 - 측면충돌,안전운전불이행,건조,맑음,단일로 - 교량,승용,남,40세,상해없음,승용,여,30세,경상
뺑소니사고,2020122600100061,2020년 12월 26일 09시,토요일,부산광역시 사하구 신평동,중상사고,0,1,0,0,차대차 - 측면충돌,기타,건조,맑음,단일로 - 기타,승용,남,40세,상해없음,승용,남,65세,중상
뺑소니사고,2020122700100018,2020년 12월 27일 03시,일요일,부산광역시 부산진구 부전동,경상사고,0,0,1,0,차대사람 - 차도통행중,안전운전불이행,건조,맑음,교차로 - 교차로부근,승용,남,21세,기타불명,보행자,남,24세,경상
뺑소니사고,2020122700100273,2020년 12월 27일 21시,일요일,부산광역시 금정구 구서동,부상신고사고,0,0,0,1,차대차 - 측면충돌,안전운전불이행,건조,맑음,기타 - 기타,승용,남,63세,상해없음,승용,남,31세,부상신고
뺑소니사고,2020122800100506,2020년 12월 28일 20시,월요일,부산광역시 부산진구 당감동,경상사고,0,0,3,0,차대차 - 측면충돌,안전거리미확보,건조,맑음,단일로 - 기타,승합,남,47세,상해없음,승용,남,38세,경상
뺑소니사고,2020123000100373,2020년 12월 30일 18시,수요일,부산광역시 서구 토성동2가,경상사고,0,0,1,0,차대차 - 추돌,안전운전불이행,건조,맑음,단일로 - 기타,화물,남,66세,상해없음,승용,남,41세,경상
뺑소니사고,2020123100100049,2020년 12월 31일 08시,목요일,부산광역시 부산진구 가야동,경상사고,0,0,1,0,차대차 - 측면충돌,신호위반,건조,맑음,교차로 - 교차로안,승용,남,83세,상해없음,승합,남,65세,경상
뺑소니사고,2020123100100458,2020년 12월 31일 19시,목요일,부산광역시 금정구 구서동,경상사고,0,0,1,0,차대사람 - 기타,안전운전불이행,건조,맑음,기타 - 기타,승용,여,53세,상해없음,보행자,여,62세,경상
뺑소니사고,2021010200100011,2021년 1월 2일 02시,토요일,부산광역시 영도구 영선동1가,중상사고,0,1,1,0,차대차 - 측면충돌,신호위반,건조,맑음,교차로 - 교차로안,승용,남,32세,상해없음,승용,남,69세,경상
뺑소니사고,2.02101E+15,2021년 1월 2일 21시,토요일,부산광역시 사상구 학장동,경상사고,0,0,1,0,차대사람 - 기타,안전운전불이행,건조,맑음,교차로 - 교차로부근,승용,남,30세,상해없음,보행자,남,66세,경상
뺑소니사고,2021010400100177,2021년 1월 4일 14시,월요일,부산광역시 동래구 사직동,경상사고,0,0,1,0,차대사람 - 기타,보행자보호의무위반,건조,맑음,단일로 - 기타,이륜,남,65세,기타불명,보행자,남,8세,경상
뺑소니사고,2021010400100343,2021년 1월 4일 19시,월요일,부산광역시 해운대구 반여동,경상사고,0,0,1,0,차대사람 - 길가장자리구역통행중,안전운전불이행,건조,맑음,단일로 - 기타,승용,남,45세,상해없음,보행자,남,66세,경상
뺑소니사고,2.02101E+15,2021년 1월 7일 01시,목요일,부산광역시 해운대구 우동,경상사고,0,0,2,0,차대차 - 추돌,안전운전불이행,건조,맑음,단일로 - 기타,승용,남,29세,상해없음,승합,남,51세,경상
뺑소니사고,2021010700100123,2021년 1월 7일 11시,목요일,부산광역시 동구 초량동,경상사고,0,0,1,0,차대사람 - 횡단중,보행자보호의무위반,건조,맑음,교차로 - 교차로횡단보도내,화물,남,49세,상해없음,보행자,여,20세,경상
뺑소니사고,2021010700100216,2021년 1월 7일 14시,목요일,부산광역시 금정구 서동,경상사고,0,0,1,0,차대차 - 측면충돌,안전운전불이행,건조,맑음,단일로 - 기타,승용,남,64세,상해없음,화물,남,58세,경상
뺑소니사고,2021010800100134,2021년 1월 8일 12시,금요일,부산광역시 부산진구 부전동,경상사고,0,0,1,0,차대사람 - 기타,안전운전불이행,건조,맑음,단일로 - 기타,승용,여,21세,상해없음,보행자,여,22세,경상
뺑소니사고,2021010800100343,2021년 1월 8일 18시,금요일,부산광역시 부산진구 부전동,경상사고,0,0,1,0,차대사람 - 기타,안전운전불이행,건조,맑음,단일로 - 기타,승용,여,32세,상해없음,보행자,여,30세,경상
뺑소니사고,2021010800100395,2021년 1월 8일 19시,금요일,부산광역시 부산진구 전포동,경상사고,0,0,1,0,차대사람 - 횡단중,보행자보호의무위반,건조,맑음,교차로 - 교차로안,화물,남,60세,상해없음,보행자,여,11세,경상
뺑소니사고,2021010800100428,2021년 1월 8일 20시,금요일,부산광역시 동구 범일동,경상사고,0,0,1,0,차대차 - 측면충돌,안전운전불이행,건조,맑음,단일로 - 기타,승용,남,42세,상해없음,승용,남,39세,경상
뺑소니사고,2.02101E+15,2021년 1월 8일 20시,금요일,부산광역시 해운대구 좌동,중상사고,0,1,0,0,차대차 - 측면충돌,안전거리미확보,건조,맑음,단일로 - 기타,승용,여,32세,상해없음,승용,남,60세,중상
뺑소니사고,2021010800100475,2021년 1월 8일 21시,금요일,부산광역시 연제구 연산동,경상사고,0,0,3,0,차대차 - 추돌,안전운전불이행,건조,맑음,단일로 - 기타,승용,남,59세,상해없음,승용,남,40세,경상
뺑소니사고,2021010800100476,2021년 1월 8일 21시,금요일,부산광역시 강서구 강동동,중상사고,0,1,1,0,차대차 - 추돌,안전운전불이행,건조,맑음,교차로 - 교차로부근,승용,남,29세,상해없음,승용,남,29세,중상
뺑소니사고,2021010900100241,2021년 1월 9일 15시,토요일,부산광역시 금정구 부곡동,경상사고,0,0,1,0,차대사람 - 기타,안전운전불이행,건조,맑음,기타 - 기타,이륜,남,28세,상해없음,보행자,남,33세,경상
뺑소니사고,2.02101E+15,2021년 1월 10일 21시,일요일,부산광역시 남구 용호동,경상사고,0,0,1,0,차대차 - 추돌,안전운전불이행,건조,맑음,단일로 - 기타,승용,남,36세,상해없음,승용,남,26세,경상
뺑소니사고,2.02101E+15,2021년 1월 11일 21시,월요일,부산광역시 부산진구 양정동,중상사고,0,2,0,0,차대차 - 측면충돌,교차로운행방법위반,건조,맑음,교차로 - 교차로안,승용,남,66세,상해없음,승용,남,38세,중상
뺑소니사고,2021011400100152,2021년 1월 14일 10시,목요일,부산광역시 부산진구 부전동,경상사고,0,0,1,0,차대사람 - 기타,안전운전불이행,건조,맑음,단일로 - 기타,화물,남,62세,상해없음,보행자,남,23세,경상
뺑소니사고,2.02101E+15,2021년 1월 14일 21시,목요일,부산광역시 사상구 모라동,경상사고,0,0,1,1,차대차 - 정면충돌,중앙선침범,건조,맑음,단일로 - 기타,승용,남,50세,부상신고,승용,남,23세,경상
뺑소니사고,2021011500100028,2021년 1월 15일 06시,금요일,부산광역시 강서구 대저2동,경상사고,0,0,1,0,차대차 - 측면충돌,안전운전불이행,건조,맑음,교차로 - 교차로안,건설기계,남,67세,상해없음,승용,남,37세,경상
뺑소니사고,2021011500100472,2021년 1월 15일 19시,금요일,부산광역시 부산진구 양정동,경상사고,0,0,1,0,차대차 - 측면충돌,신호위반,건조,맑음,교차로 - 교차로안,승용,여,19세,상해없음,승용,여,27세,경상
뺑소니사고,2021011600100213,2021년 1월 16일 15시,토요일,부산광역시 부산진구 부전동,경상사고,0,0,1,0,차대사람 - 기타,안전운전불이행,서리/결빙,맑음,단일로 - 기타,이륜,남,40세,상해없음,보행자,여,62세,경상
뺑소니사고,2021011600100214,2021년 1월 16일 15시,토요일,부산광역시 기장군 장안읍,경상사고,0,0,1,0,차대사람 - 기타,안전운전불이행,건조,맑음,단일로 - 기타,승용,남,56세,상해없음,보행자,남,11세,경상
뺑소니사고,2021011600100396,2021년 1월 16일 20시,토요일,부산광역시 동구 초량동,경상사고,0,0,1,0,차대차 - 측면충돌,교차로운행방법위반,건조,맑음,교차로 - 교차로부근,승용,남,48세,상해없음,승용,남,45세,경상
뺑소니사고,2021011700100245,2021년 1월 17일 19시,일요일,부산광역시 기장군 기장읍,경상사고,0,0,1,0,차대차 - 기타,안전운전불이행,건조,맑음,교차로 - 교차로부근,화물,남,64세,상해없음,화물,남,56세,경상
뺑소니사고,2021011800100143,2021년 1월 18일 12시,월요일,부산광역시 해운대구 우동,경상사고,0,0,1,0,차대차 - 추돌,안전운전불이행,건조,맑음,단일로 - 기타,화물,남,60세,상해없음,승용,남,43세,경상
뺑소니사고,2021011900100104,2021년 1월 19일 09시,화요일,부산광역시 해운대구 우동,경상사고,0,0,2,0,차대차 - 기타,교차로운행방법위반,건조,맑음,교차로 - 교차로부근,승용,남,81세,상해없음,승용,여,70세,경상
뺑소니사고,2021012200100183,2021년 1월 22일 13시,금요일,부산광역시 해운대구 우동,중상사고,0,1,0,0,차대차 - 기타,교차로운행방법위반,젖음/습기,흐림,교차로 - 교차로안,승용,여,50세,상해없음,승용,여,56세,중상
뺑소니사고,2021012300100013,2021년 1월 23일 01시,토요일,부산광역시 부산진구 연지동,경상사고,0,0,2,0,차대차 - 측면충돌,신호위반,젖음/습기,흐림,교차로 - 교차로안,승용,남,28세,상해없음,승용,남,52세,경상
뺑소니사고,2021012500100096,2021년 1월 25일 09시,월요일,부산광역시 사하구 감천동,중상사고,0,1,0,0,차대차 - 기타,안전운전불이행,건조,맑음,단일로 - 기타,이륜,남,66세,상해없음,화물,남,45세,상해없음
뺑소니사고,2.02101E+15,2021년 1월 25일 14시,월요일,부산광역시 부산진구 부암동,경상사고,0,0,1,0,차대사람 - 길가장자리구역통행중,안전운전불이행,건조,맑음,기타 - 기타,이륜,남,45세,상해없음,보행자,남,10세,경상
뺑소니사고,2021012600100441,2021년 1월 26일 19시,화요일,부산광역시 중구 중앙동6가,경상사고,0,0,4,0,차대차 - 측면충돌,안전운전불이행,건조,맑음,교차로 - 교차로안,승용,남,22세,상해없음,승용,남,22세,경상
뺑소니사고,2021012600100487,2021년 1월 26일 20시,화요일,부산광역시 남구 대연동,경상사고,0,0,1,0,차대차 - 측면충돌,안전운전불이행,건조,맑음,교차로 - 교차로부근,승용,남,48세,상해없음,화물,남,60세,경상
뺑소니사고,2021012600100513,2021년 1월 26일 21시,화요일,부산광역시 중구 중앙동4가,경상사고,0,0,2,0,차대차 - 추돌,안전운전불이행,젖음/습기,맑음,단일로 - 기타,승용,남,48세,상해없음,승용,남,50세,경상
뺑소니사고,2.02101E+15,2021년 1월 28일 15시,목요일,부산광역시 북구 구포동,경상사고,0,0,1,0,차대차 - 추돌,안전운전불이행,건조,맑음,단일로 - 기타,화물,남,59세,상해없음,승용,남,64세,경상
뺑소니사고,2021012800100488,2021년 1월 28일 21시,목요일,부산광역시 해운대구 재송동,경상사고,0,0,1,0,차대차 - 추돌,안전운전불이행,건조,맑음,단일로 - 기타,승용,남,41세,상해없음,승용,남,53세,경상
뺑소니사고,2.02101E+15,2021년 1월 31일 20시,일요일,부산광역시 사상구 감전동,경상사고,0,0,1,0,차대차 - 측면충돌,안전거리미확보,건조,맑음,단일로 - 기타,화물,남,59세,상해없음,승용,남,46세,경상
뺑소니사고,2021020100100289,2021년 2월 1일 17시,월요일,부산광역시 연제구 거제동,경상사고,0,0,1,0,차대차 - 기타,안전운전불이행,젖음/습기,흐림,교차로 - 교차로안,승용,남,57세,상해없음,이륜,남,45세,경상
뺑소니사고,2021020100100424,2021년 2월 1일 20시,월요일,부산광역시 금정구 노포동,경상사고,0,0,1,0,차대차 - 기타,안전운전불이행,건조,맑음,기타 - 기타,승용,남,57세,상해없음,승용,남,58세,경상
뺑소니사고,2021020200100351,2021년 2월 2일 18시,화요일,부산광역시 금정구 구서동,경상사고,0,0,1,0,차대차 - 추돌,안전운전불이행,건조,맑음,단일로 - 기타,승용,여,52세,상해없음,승용,남,51세,경상
뺑소니사고,2021020200100381,2021년 2월 2일 19시,화요일,부산광역시 기장군 철마면,경상사고,0,0,2,0,차대차 - 기타,안전운전불이행,건조,맑음,교차로 - 교차로안,승용,여,59세,상해없음,승용,남,41세,경상
뺑소니사고,2021020300100547,2021년 2월 3일 22시,수요일,부산광역시 사상구 괘법동,경상사고,0,0,1,0,차대차 - 측면충돌,안전거리미확보,건조,맑음,교차로 - 교차로부근,승용,남,40세,상해없음,승용,남,40세,경상
뺑소니사고,2021020400100333,2021년 2월 4일 15시,목요일,부산광역시 동구 수정동,경상사고,0,0,1,0,차대차 - 기타,안전거리미확보,건조,맑음,교차로 - 교차로부근,승용,남,73세,상해없음,승용,여,29세,경상
뺑소니사고,2021020400100562,2021년 2월 4일 21시,목요일,부산광역시 동래구 명륜동,경상사고,0,0,2,0,차대차 - 측면충돌,안전운전불이행,건조,맑음,단일로 - 기타,화물,남,54세,상해없음,승용,남,40세,경상
뺑소니사고,2021020500100258,2021년 2월 5일 14시,금요일,부산광역시 금정구 부곡동,경상사고,0,0,1,1,차대차 - 기타,안전운전불이행,건조,맑음,단일로 - 기타,승용,남,56세,상해없음,승용,여,22세,부상신고
뺑소니사고,2021020500100628,2021년 2월 5일 22시,금요일,부산광역시 금정구 장전동,경상사고,0,0,1,0,차대차 - 기타,안전운전불이행,건조,맑음,기타 - 기타,승용,남,50세,상해없음,승용,남,26세,경상
뺑소니사고,2.02102E+15,2021년 2월 5일 23시,금요일,부산광역시 해운대구 송정동,경상사고,0,0,1,0,차대차 - 측면충돌,차로위반,건조,맑음,단일로 - 기타,화물,남,54세,상해없음,승용,남,62세,경상
뺑소니사고,2021020600100341,2021년 2월 6일 18시,토요일,부산광역시 사하구 장림동,경상사고,0,0,1,0,차대차 - 측면충돌,신호위반,건조,맑음,교차로 - 교차로안,승용,남,58세,상해없음,원동기,남,60세,경상
뺑소니사고,2021020800100469,2021년 2월 8일 18시,월요일,부산광역시 사하구 장림동,중상사고,0,1,0,0,차대사람 - 길가장자리구역통행중,안전운전불이행,건조,맑음,단일로 - 기타,승용,남,36세,상해없음,보행자,남,57세,중상
뺑소니사고,2021020800100512,2021년 2월 8일 19시,월요일,부산광역시 부산진구 전포동,경상사고,0,0,1,0,차대사람 - 기타,안전운전불이행,건조,맑음,단일로 - 기타,승용,남,27세,상해없음,보행자,남,43세,경상
뺑소니사고,2021020800100595,2021년 2월 8일 21시,월요일,부산광역시 사상구 학장동,중상사고,0,1,0,0,차대사람 - 차도통행중,안전운전불이행,건조,맑음,교차로 - 교차로안,이륜,남,22세,상해없음,보행자,남,40세,중상
뺑소니사고,2.02102E+15,2021년 2월 9일 20시,화요일,부산광역시 사상구 주례동,경상사고,0,0,1,0,차대사람 - 횡단중,안전운전불이행,건조,맑음,단일로 - 기타,승용,남,65세,상해없음,보행자,여,61세,경상
뺑소니사고,2021020900100659,2021년 2월 9일 21시,화요일,부산광역시 사상구 모라동,중상사고,0,1,0,0,차대사람 - 횡단중,기타,건조,맑음,단일로 - 기타,이륜,남,19세,상해없음,보행자,남,72세,중상
뺑소니사고,2021020900100702,2021년 2월 9일 22시,화요일,부산광역시 부산진구 개금동,중상사고,0,1,0,0,차대차 - 추돌,안전운전불이행,건조,맑음,단일로 - 고가도로위,승용,남,43세,상해없음,승용,남,52세,중상
뺑소니사고,2021020900100703,2021년 2월 9일 22시,화요일,부산광역시 사하구 하단동,경상사고,0,0,1,0,차대사람 - 기타,안전운전불이행,건조,맑음,교차로 - 교차로부근,이륜,남,24세,상해없음,보행자,여,23세,경상
뺑소니사고,2021020900100704,2021년 2월 9일 22시,화요일,부산광역시 연제구 연산동,중상사고,0,1,0,0,차대사람 - 기타,보행자보호의무위반,건조,맑음,단일로 - 기타,승용,남,55세,상해없음,보행자,남,38세,중상
뺑소니사고,2021021000100298,2021년 2월 10일 14시,수요일,부산광역시 연제구 연산동,경상사고,0,0,1,0,차대사람 - 횡단중,신호위반,건조,맑음,단일로 - 기타,승용,남,59세,상해없음,보행자,여,9세,경상
뺑소니사고,2021021000100551,2021년 2월 10일 19시,수요일,부산광역시 부산진구 당감동,경상사고,0,0,1,0,차대차 - 측면충돌,교차로운행방법위반,건조,맑음,교차로 - 교차로안,화물,남,61세,상해없음,승용,남,26세,경상
뺑소니사고,2021021000100676,2021년 2월 10일 21시,수요일,부산광역시 북구 만덕동,경상사고,0,0,1,0,차대사람 - 기타,보행자보호의무위반,건조,맑음,단일로 - 기타,승용,남,61세,상해없음,보행자,여,49세,경상
뺑소니사고,2021021100100036,2021년 2월 11일 04시,목요일,부산광역시 연제구 연산동,중상사고,0,2,0,0,차대차 - 정면충돌,신호위반,건조,맑음,교차로 - 교차로안,승합,남,52세,중상,승용,남,64세,중상
뺑소니사고,2021021200100132,2021년 2월 12일 15시,금요일,부산광역시 부산진구 초읍동,경상사고,0,0,1,0,차대사람 - 기타,안전운전불이행,건조,맑음,교차로 - 교차로부근,승용,남,50세,상해없음,보행자,여,4세,경상
뺑소니사고,2021021700100285,2021년 2월 17일 15시,수요일,부산광역시 금정구 부곡동,경상사고,0,0,1,0,차대사람 - 기타,안전운전불이행,건조,맑음,기타 - 기타,승용,여,49세,상해없음,보행자,여,75세,경상
뺑소니사고,2021021900100598,2021년 2월 19일 20시,금요일,부산광역시 부산진구 부전동,경상사고,0,0,1,0,차대사람 - 차도통행중,안전운전불이행,건조,맑음,단일로 - 기타,승용,남,19세,기타불명,보행자,여,18세,경상
뺑소니사고,2021021900100718,2021년 2월 19일 23시,금요일,부산광역시 부산진구 부암동,중상사고,0,1,0,0,차대차 - 추돌,안전운전불이행,건조,맑음,교차로 - 교차로부근,승용,남,61세,상해없음,승용,남,63세,중상
뺑소니사고,2021021900100719,2021년 2월 19일 23시,금요일,부산광역시 사하구 다대동,중상사고,0,1,2,0,차대차 - 측면충돌,중앙선침범,건조,맑음,단일로 - 기타,승용,남,44세,상해없음,승용,여,37세,중상
뺑소니사고,2.02102E+15,2021년 2월 20일 23시,토요일,부산광역시 부산진구 당감동,경상사고,0,0,1,0,차대사람 - 기타,안전운전불이행,건조,맑음,단일로 - 기타,승용,남,42세,상해없음,보행자,남,68세,경상
뺑소니사고,2021022100100042,2021년 2월 21일 07시,일요일,부산광역시 영도구 청학동,중상사고,0,1,0,0,차대차 - 측면충돌,중앙선침범,건조,맑음,단일로 - 기타,승용,남,36세,상해없음,승합,남,63세,상해없음
뺑소니사고,2021022100100296,2021년 2월 21일 18시,일요일,부산광역시 사상구 학장동,부상신고사고,0,0,0,1,차대사람 - 기타,안전운전불이행,건조,맑음,단일로 - 기타,승용,남,61세,상해없음,보행자,남,61세,부상신고
뺑소니사고,2021022100100364,2021년 2월 21일 21시,일요일,부산광역시 중구 남포동5가,경상사고,0,0,1,0,차대사람 - 횡단중,신호위반,건조,맑음,교차로 - 교차로횡단보도내,기타불명,기타불명,미분류,기타불명,보행자,여,63세,경상
뺑소니사고,2021022100100366,2021년 2월 21일 21시,일요일,부산광역시 부산진구 부암동,경상사고,0,0,1,0,차대차 - 기타,안전운전불이행,건조,맑음,교차로 - 교차로안,이륜,남,51세,상해없음,승용,여,28세,경상
뺑소니사고,2021022300100105,2021년 2월 23일 09시,화요일,부산광역시 부산진구 부전동,경상사고,0,0,1,0,차대차 - 기타,안전거리미확보,건조,맑음,교차로 - 교차로안,화물,남,73세,상해없음,이륜,남,42세,경상
뺑소니사고,2.02102E+15,2021년 2월 23일 18시,화요일,부산광역시 동구 초량동,경상사고,0,0,1,0,차대차 - 측면충돌,안전거리미확보,건조,맑음,단일로 - 기타,승용,남,66세,상해없음,이륜,남,36세,경상
뺑소니사고,2.02102E+15,2021년 2월 23일 19시,화요일,부산광역시 금정구 구서동,경상사고,0,0,1,0,차대차 - 기타,안전운전불이행,건조,맑음,기타 - 기타,승용,여,47세,상해없음,승용,여,42세,경상
뺑소니사고,2021022400100487,2021년 2월 24일 22시,수요일,부산광역시 부산진구 가야동,경상사고,0,0,1,0,차대차 - 추돌,안전운전불이행,건조,맑음,교차로 - 교차로부근,승합,남,47세,상해없음,승용,남,57세,경상