사고부문,사고번호,사고일시,요일,시군구,사고내용,사망자수,중상자수,경상자수,부상신고자수,사고유형,법규위반,노면상태,기상상태,도로형태,가해운전자 차종,가해운전자 성별,가해운전자 연령,가해운전자 상해정도,피해운전자 차종,피해운전자 성별,피해운전자 연령,피해운전자 상해정도
뺑소니사고,2021022500100177,2021년 2월 25일 13시,목요일,부산광역시 동구 수정동,경상사고,0,0,1,0,차대사람 - 차도통행중,안전운전불이행,건조,맑음,단일로 - 기타,승용,여,44세,상해없음,보행자,여,19세,경상
뺑소니사고,2021022600100077,2021년 2월 26일 08시,금요일,부산광역시 북구 덕천동,경상사고,0,0,1,0,차대차 - 추돌,안전운전불이행,건조,맑음,단일로 - 기타,승용,남,30세,상해없음,승용,남,52세,경상
뺑소니사고,2021022700100519,2021년 2월 27일 22시,토요일,부산광역시 해운대구 중동,경상사고,0,0,1,0,차대차 - 기타,안전운전불이행,건조,맑음,단일로 - 기타,승용,남,48세,상해없음,이륜,남,50세,경상
뺑소니사고,2021022800100361,2021년 2월 28일 22시,일요일,부산광역시 해운대구 좌동,중상사고,0,1,1,0,차대차 - 측면충돌,안전운전불이행,건조,맑음,단일로 - 기타,승용,남,30세,기타불명,승용,남,44세,중상
뺑소니사고,2021030100100135,2021년 3월 1일 14시,월요일,부산광역시 금정구 장전동,경상사고,0,0,1,0,차대사람 - 기타,안전운전불이행,젖음/습기,비,교차로 - 교차로부근,이륜,남,14세,상해없음,보행자,남,17세,경상
뺑소니사고,2021030200100236,2021년 3월 2일 14시,화요일,부산광역시 수영구 수영동,중상사고,0,1,0,0,차대사람 - 보도통행중,안전운전불이행,건조,맑음,단일로 - 기타,화물,남,42세,상해없음,보행자,남,10세,중상
뺑소니사고,2021030200100339,2021년 3월 2일 17시,화요일,부산광역시 북구 덕천동,중상사고,0,2,0,0,차대차 - 추돌,안전운전불이행,건조,맑음,단일로 - 기타,승용,남,59세,상해없음,승용,남,72세,중상
뺑소니사고,2021030200100379,2021년 3월 2일 18시,화요일,부산광역시 동구 좌천동,중상사고,0,1,0,0,차대차 - 기타,신호위반,건조,맑음,교차로 - 교차로부근,승용,남,51세,상해없음,이륜,남,43세,중상
뺑소니사고,2021030400100134,2021년 3월 4일 10시,목요일,부산광역시 중구 영주동,경상사고,0,0,1,0,차대사람 - 길가장자리구역통행중,안전운전불이행,건조,맑음,단일로 - 기타,이륜,남,24세,상해없음,보행자,여,62세,경상
뺑소니사고,2021030500100387,2021년 3월 5일 17시,금요일,부산광역시 동래구 온천동,경상사고,0,0,1,0,차대차 - 추돌,안전운전불이행,건조,맑음,단일로 - 기타,승용,남,49세,상해없음,승용,남,59세,경상
뺑소니사고,2021030600100003,2021년 3월 6일 00시,토요일,부산광역시 북구 덕천동,경상사고,0,0,2,0,차대차 - 추돌,안전운전불이행,건조,맑음,교차로 - 교차로부근,승용,남,58세,상해없음,승용,여,45세,경상
뺑소니사고,2021030700100031,2021년 3월 7일 05시,일요일,부산광역시 서구 동대신동3가,경상사고,0,0,1,0,차대차 - 추돌,안전운전불이행,건조,맑음,교차로 - 교차로부근,승용,남,38세,상해없음,승용,남,72세,상해없음
뺑소니사고,2021030700100294,2021년 3월 7일 19시,일요일,부산광역시 사하구 다대동,경상사고,0,0,1,0,차대차 - 추돌,안전운전불이행,건조,맑음,교차로 - 교차로부근,화물,남,61세,상해없음,승합,남,50세,경상
뺑소니사고,2021030800100195,2021년 3월 8일 11시,월요일,부산광역시 부산진구 전포동,경상사고,0,0,2,0,차대차 - 후진중충돌,안전운전불이행,건조,맑음,교차로 - 교차로부근,승용,남,60세,상해없음,승용,남,39세,경상
뺑소니사고,2021030800100393,2021년 3월 8일 17시,월요일,부산광역시 금정구 장전동,경상사고,0,0,1,0,차대차 - 측면충돌,교차로운행방법위반,건조,맑음,교차로 - 교차로안,승용,여,53세,상해없음,원동기,남,25세,경상
뺑소니사고,2021030900100296,2021년 3월 9일 16시,화요일,부산광역시 동래구 낙민동,경상사고,0,0,1,0,차대사람 - 횡단중,보행자보호의무위반,건조,맑음,교차로 - 교차로안,원동기,남,24세,상해없음,보행자,여,21세,경상
뺑소니사고,2.02103E+15,2021년 3월 10일 10시,수요일,부산광역시 부산진구 개금동,중상사고,0,1,0,0,차대차 - 측면충돌,안전운전불이행,건조,맑음,교차로 - 교차로안,승용,남,73세,상해없음,원동기,남,73세,중상
뺑소니사고,2.02103E+15,2021년 3월 10일 17시,수요일,부산광역시 강서구 대저1동,경상사고,0,0,2,0,차대차 - 추돌,안전운전불이행,건조,맑음,단일로 - 기타,화물,남,77세,상해없음,승용,여,55세,경상
뺑소니사고,2021031000100579,2021년 3월 10일 23시,수요일,부산광역시 사상구 주례동,경상사고,0,0,1,0,차대차 - 측면충돌,안전운전불이행,건조,맑음,단일로 - 고가도로위,승용,남,29세,상해없음,승용,남,31세,경상
뺑소니사고,2021031100100002,2021년 3월 11일 00시,목요일,부산광역시 서구 암남동,경상사고,0,0,1,0,차대차 - 기타,안전운전불이행,건조,맑음,단일로 - 기타,승용,남,20세,경상,승용,남,61세,상해없음
뺑소니사고,2021031100100023,2021년 3월 11일 03시,목요일,부산광역시 연제구 연산동,경상사고,0,0,1,0,차대차 - 측면충돌,안전거리미확보,건조,맑음,단일로 - 기타,승용,여,25세,상해없음,승용,남,64세,경상
뺑소니사고,2021031100100055,2021년 3월 11일 07시,목요일,부산광역시 연제구 연산동,경상사고,0,0,1,0,차대차 - 측면충돌,신호위반,건조,맑음,교차로 - 교차로안,이륜,남,44세,기타불명,승합,남,32세,상해없음
뺑소니사고,2021031200100011,2021년 3월 12일 02시,금요일,부산광역시 사상구 괘법동,경상사고,0,0,1,0,차대사람 - 기타,안전운전불이행,젖음/습기,비,교차로 - 교차로부근,승용,남,22세,상해없음,보행자,남,30세,경상
뺑소니사고,2021031200100022,2021년 3월 12일 05시,금요일,부산광역시 기장군 정관읍,중상사고,0,1,0,0,차대차 - 기타,신호위반,젖음/습기,비,교차로 - 교차로안,승용,남,67세,상해없음,이륜,여,55세,중상
뺑소니사고,2021031400100003,2021년 3월 14일 00시,일요일,부산광역시 해운대구 우동,경상사고,0,0,1,0,차대차 - 추돌,안전운전불이행,건조,맑음,교차로 - 교차로부근,승용,남,26세,상해없음,이륜,남,25세,경상
뺑소니사고,2021031400100185,2021년 3월 14일 15시,일요일,부산광역시 동구 초량동,중상사고,0,1,0,0,차대차 - 측면충돌,안전운전불이행,건조,맑음,단일로 - 기타,승용,남,81세,상해없음,자전거,남,50세,중상
뺑소니사고,2021031400100243,2021년 3월 14일 17시,일요일,부산광역시 부산진구 부전동,경상사고,0,0,1,0,차대사람 - 횡단중,안전운전불이행,건조,맑음,단일로 - 기타,이륜,남,19세,기타불명,보행자,여,62세,경상
뺑소니사고,2021031400100306,2021년 3월 14일 19시,일요일,부산광역시 해운대구 우동,경상사고,0,0,2,0,차대차 - 추돌,안전운전불이행,건조,맑음,교차로 - 교차로부근,승용,남,64세,상해없음,승용,여,46세,경상
뺑소니사고,2021031500100323,2021년 3월 15일 16시,월요일,부산광역시 사상구 괘법동,경상사고,0,0,1,0,차대차 - 측면충돌,안전운전불이행,건조,맑음,교차로 - 교차로안,승용,여,58세,상해없음,승용,남,50세,경상
뺑소니사고,2021031500100364,2021년 3월 15일 17시,월요일,부산광역시 금정구 부곡동,경상사고,0,0,1,0,차대사람 - 기타,안전운전불이행,건조,맑음,단일로 - 기타,원동기,남,69세,상해없음,보행자,남,19세,경상
뺑소니사고,2021031600100098,2021년 3월 16일 08시,화요일,부산광역시 강서구 범방동,경상사고,0,0,3,0,차대차 - 기타,안전운전불이행,건조,맑음,단일로 - 기타,건설기계,남,62세,상해없음,승용,남,36세,경상
뺑소니사고,2021031600100561,2021년 3월 16일 22시,화요일,부산광역시 사하구 다대동,중상사고,0,1,0,0,차대사람 - 횡단중,신호위반,건조,맑음,교차로 - 교차로부근,이륜,남,16세,상해없음,보행자,남,17세,중상
뺑소니사고,2021031700100044,2021년 3월 17일 07시,수요일,부산광역시 수영구 민락동,중상사고,0,1,0,0,차대사람 - 길가장자리구역통행중,안전운전불이행,건조,맑음,교차로 - 교차로부근,승용,남,62세,상해없음,보행자,여,81세,중상
뺑소니사고,2021031700100551,2021년 3월 17일 22시,수요일,부산광역시 금정구 장전동,경상사고,0,0,1,0,차대차 - 추돌,안전운전불이행,건조,맑음,단일로 - 기타,승용,남,27세,상해없음,승용,여,31세,경상
뺑소니사고,2021031800100353,2021년 3월 18일 17시,목요일,부산광역시 금정구 노포동,부상신고사고,0,0,0,1,차대사람 - 기타,안전운전불이행,건조,맑음,단일로 - 기타,승용,남,51세,상해없음,보행자,남,68세,부상신고
뺑소니사고,2021031800100453,2021년 3월 18일 20시,목요일,부산광역시 부산진구 부전동,경상사고,0,0,1,0,차대사람 - 기타,안전운전불이행,건조,맑음,단일로 - 기타,승용,남,19세,상해없음,보행자,남,25세,경상
뺑소니사고,2021031900100169,2021년 3월 19일 11시,금요일,부산광역시 부산진구 부전동,경상사고,0,0,1,0,차대차 - 측면충돌,중앙선침범,건조,맑음,교차로 - 교차로부근,승용,남,26세,상해없음,화물,남,49세,경상
뺑소니사고,2021031900100356,2021년 3월 19일 16시,금요일,부산광역시 부산진구 부전동,중상사고,0,1,0,0,차대차 - 기타,중앙선침범,건조,맑음,교차로 - 교차로안,이륜,남,55세,상해없음,이륜,남,31세,중상
뺑소니사고,2021032000100042,2021년 3월 20일 06시,토요일,부산광역시 사하구 장림동,중상사고,0,1,0,0,차대사람 - 횡단중,신호위반,젖음/습기,비,교차로 - 교차로횡단보도내,승용,남,66세,상해없음,보행자,남,62세,중상
뺑소니사고,2021032000100154,2021년 3월 20일 12시,토요일,부산광역시 금정구 오륜동,경상사고,0,0,3,0,차대차 - 추돌,안전거리미확보,젖음/습기,비,단일로 - 기타,승용,남,69세,상해없음,승용,남,28세,경상
뺑소니사고,2.02103E+15,2021년 3월 20일 18시,토요일,부산광역시 동구 범일동,경상사고,0,0,1,0,차대사람 - 횡단중,보행자보호의무위반,젖음/습기,맑음,교차로 - 교차로횡단보도내,승용,남,48세,상해없음,보행자,여,24세,경상
뺑소니사고,2021032100100424,2021년 3월 21일 23시,일요일,부산광역시 동래구 온천동,중상사고,0,1,0,0,차대차 - 추돌,안전운전불이행,건조,맑음,단일로 - 기타,승용,남,43세,상해없음,이륜,남,29세,중상
뺑소니사고,2021032200100011,2021년 3월 22일 02시,월요일,부산광역시 해운대구 반여동,경상사고,0,0,2,0,차대차 - 측면충돌,안전운전불이행,건조,맑음,교차로 - 교차로부근,승용,남,48세,상해없음,승용,남,30세,경상
뺑소니사고,2021032300100009,2021년 3월 23일 01시,화요일,부산광역시 부산진구 부전동,경상사고,0,0,1,0,차대차 - 후진중충돌,안전운전불이행,건조,맑음,단일로 - 기타,승용,여,18세,상해없음,승용,남,39세,경상
뺑소니사고,2021032300100069,2021년 3월 23일 08시,화요일,부산광역시 영도구 영선동1가,경상사고,0,0,2,0,차대차 - 기타,직진우회전진행방해,건조,맑음,교차로 - 교차로안,승용,남,38세,상해없음,승용,여,45세,경상
뺑소니사고,2021032300100515,2021년 3월 23일 21시,화요일,부산광역시 북구 구포동,부상신고사고,0,0,0,1,차대차 - 기타,신호위반,건조,맑음,교차로 - 교차로안,승용,남,70세,상해없음,이륜,남,20세,부상신고
뺑소니사고,2021032300100516,2021년 3월 23일 21시,화요일,부산광역시 부산진구 부전동,경상사고,0,0,1,0,차대차 - 추돌,안전운전불이행,건조,맑음,단일로 - 기타,화물,남,54세,상해없음,승용,남,33세,경상
뺑소니사고,2021032300100565,2021년 3월 23일 23시,화요일,부산광역시 해운대구 송정동,경상사고,0,0,2,0,차대차 - 정면충돌,중앙선침범,건조,맑음,교차로 - 교차로부근,승용,남,38세,상해없음,승용,남,20세,경상
뺑소니사고,2021032300100566,2021년 3월 23일 23시,화요일,부산광역시 기장군 정관읍,경상사고,0,0,1,1,차대차 - 추돌,안전운전불이행,건조,맑음,교차로 - 교차로부근,승용,남,38세,상해없음,승합,남,60세,상해없음
뺑소니사고,2021032400100002,2021년 3월 24일 00시,수요일,부산광역시 부산진구 범천동,경상사고,0,0,1,0,차대차 - 측면충돌,안전운전불이행,건조,맑음,단일로 - 기타,승용,남,58세,상해없음,승용,남,34세,경상
뺑소니사고,2021032600100405,2021년 3월 26일 17시,금요일,부산광역시 금정구 부곡동,경상사고,0,0,1,0,차대사람 - 횡단중,보행자보호의무위반,건조,맑음,단일로 - 기타,승용,남,63세,상해없음,보행자,여,11세,경상
뺑소니사고,2.02103E+15,2021년 3월 26일 19시,금요일,부산광역시 부산진구 부전동,경상사고,0,0,1,0,차대차 - 추돌,기타,건조,맑음,단일로 - 기타,승용,남,58세,상해없음,이륜,남,28세,경상
뺑소니사고,2021032700100216,2021년 3월 27일 13시,토요일,부산광역시 부산진구 부전동,경상사고,0,0,1,0,차대사람 - 기타,안전운전불이행,건조,맑음,단일로 - 기타,승용,남,39세,상해없음,보행자,여,25세,경상
뺑소니사고,2021032700100482,2021년 3월 27일 19시,토요일,부산광역시 부산진구 초읍동,경상사고,0,0,1,0,차대차 - 기타,기타,젖음/습기,비,교차로 - 교차로부근,승용,남,67세,상해없음,이륜,남,25세,경상
뺑소니사고,2021032800100071,2021년 3월 28일 06시,일요일,부산광역시 강서구 명지동,경상사고,0,0,1,0,차대사람 - 기타,안전운전불이행,젖음/습기,흐림,단일로 - 기타,기타불명,기타불명,미분류,기타불명,보행자,남,64세,경상
뺑소니사고,2021032800100128,2021년 3월 28일 11시,일요일,부산광역시 해운대구 좌동,경상사고,0,0,4,0,차대차 - 추돌,안전거리미확보,건조,맑음,단일로 - 기타,화물,남,57세,상해없음,승용,남,58세,경상
뺑소니사고,2021032800100129,2021년 3월 28일 11시,일요일,부산광역시 부산진구 가야동,경상사고,0,0,1,0,차대차 - 측면충돌,안전운전불이행,건조,맑음,교차로 - 교차로부근,이륜,남,32세,상해없음,승용,여,70세,경상
뺑소니사고,2021032800100372,2021년 3월 28일 20시,일요일,부산광역시 남구 대연동,중상사고,0,1,0,0,차대차 - 기타,안전운전불이행,건조,맑음,단일로 - 기타,승용,남,78세,상해없음,승용,여,52세,중상
뺑소니사고,2021033000100238,2021년 3월 30일 12시,화요일,부산광역시 부산진구 부전동,중상사고,0,1,0,0,차대사람 - 기타,보행자보호의무위반,건조,맑음,교차로 - 교차로횡단보도내,이륜,남,18세,상해없음,보행자,여,69세,중상
뺑소니사고,2021033000100329,2021년 3월 30일 15시,화요일,부산광역시 금정구 금사동,경상사고,0,0,1,0,차대차 - 측면충돌,안전운전불이행,건조,맑음,단일로 - 기타,화물,남,58세,상해없음,승합,남,45세,경상
뺑소니사고,2021040100100256,2021년 4월 1일 13시,목요일,부산광역시 금정구 장전동,경상사고,0,0,1,0,차대사람 - 기타,안전운전불이행,건조,맑음,기타 - 기타,이륜,남,57세,상해없음,보행자,여,27세,경상
뺑소니사고,2021040100100329,2021년 4월 1일 15시,목요일,부산광역시 부산진구 가야동,경상사고,0,0,2,0,차대차 - 측면충돌,신호위반,건조,맑음,단일로 - 터널,화물,남,67세,상해없음,승용,여,31세,경상
뺑소니사고,2021040100100604,2021년 4월 1일 22시,목요일,부산광역시 금정구 서동,부상신고사고,0,0,0,1,차대사람 - 기타,안전운전불이행,건조,맑음,단일로 - 기타,승용,남,44세,상해없음,보행자,남,55세,부상신고
뺑소니사고,2021040200100545,2021년 4월 2일 20시,금요일,부산광역시 수영구 수영동,중상사고,0,1,0,0,차대사람 - 기타,안전운전불이행,건조,맑음,단일로 - 기타,승용,여,53세,상해없음,보행자,남,33세,중상
뺑소니사고,2021040300100168,2021년 4월 3일 12시,토요일,부산광역시 강서구 명지동,경상사고,0,0,1,0,차대차 - 기타,신호위반,젖음/습기,비,교차로 - 교차로부근,승용,남,35세,상해없음,승용,여,61세,경상
뺑소니사고,2021040300100564,2021년 4월 3일 22시,토요일,부산광역시 연제구 연산동,경상사고,0,0,1,0,차대사람 - 기타,안전운전불이행,젖음/습기,비,단일로 - 기타,승용,남,56세,상해없음,보행자,남,46세,경상
뺑소니사고,2021040300100565,2021년 4월 3일 22시,토요일,부산광역시 사상구 삼락동,경상사고,0,0,1,0,차대사람 - 기타,안전운전불이행,젖음/습기,비,단일로 - 교량,승용,남,22세,상해없음,보행자,남,70세,경상
뺑소니사고,2021040400100071,2021년 4월 4일 09시,일요일,부산광역시 사상구 주례동,중상사고,0,1,0,0,차대차 - 기타,안전운전불이행,젖음/습기,비,단일로 - 고가도로위,화물,남,60세,상해없음,승합,남,58세,중상
뺑소니사고,2021040500100498,2021년 4월 5일 18시,월요일,부산광역시 부산진구 부전동,중상사고,0,1,0,0,차대사람 - 기타,안전운전불이행,건조,맑음,단일로 - 기타,승용,남,23세,상해없음,보행자,남,20세,중상
뺑소니사고,2021040500100584,2021년 4월 5일 20시,월요일,부산광역시 남구 문현동,경상사고,0,0,1,0,차대사람 - 횡단중,안전거리미확보,건조,맑음,교차로 - 교차로부근,이륜,남,22세,상해없음,보행자,여,23세,경상
뺑소니사고,2021040600100195,2021년 4월 6일 12시,화요일,부산광역시 금정구 서동,중상사고,0,1,0,0,차대사람 - 기타,안전운전불이행,건조,맑음,교차로 - 교차로안,승합,남,49세,상해없음,보행자,남,65세,중상
뺑소니사고,2021040600100196,2021년 4월 6일 12시,화요일,부산광역시 강서구 대저1동,경상사고,0,0,1,0,차대차 - 측면충돌,안전운전불이행,건조,맑음,교차로 - 교차로부근,화물,남,29세,상해없음,승용,남,60세,경상
뺑소니사고,2.02104E+15,2021년 4월 7일 04시,수요일,부산광역시 강서구 송정동,경상사고,0,0,3,0,차대차 - 추돌,안전운전불이행,건조,맑음,교차로 - 교차로부근,승용,남,27세,상해없음,승용,남,54세,경상
뺑소니사고,2021040900100046,2021년 4월 9일 07시,금요일,부산광역시 동구 초량동,경상사고,0,0,1,0,차대차 - 측면충돌,안전운전불이행,건조,맑음,교차로 - 교차로부근,화물,남,64세,상해없음,화물,남,65세,경상
뺑소니사고,2021040900100422,2021년 4월 9일 17시,금요일,부산광역시 강서구 명지동,중상사고,0,1,0,0,차대사람 - 횡단중,신호위반,건조,맑음,단일로 - 기타,이륜,남,19세,상해없음,보행자,남,9세,중상
뺑소니사고,2021040900100553,2021년 4월 9일 20시,금요일,부산광역시 부산진구 개금동,중상사고,0,1,0,0,차대사람 - 횡단중,안전운전불이행,건조,맑음,단일로 - 기타,이륜,남,21세,상해없음,보행자,여,78세,중상
뺑소니사고,2021041000100527,2021년 4월 10일 20시,토요일,부산광역시 연제구 연산동,중상사고,0,1,0,0,차대차 - 기타,안전운전불이행,건조,맑음,단일로 - 기타,승용,남,25세,상해없음,이륜,남,43세,중상
뺑소니사고,2021041000100582,2021년 4월 10일 22시,토요일,부산광역시 부산진구 부전동,경상사고,0,0,1,0,차대사람 - 기타,안전운전불이행,건조,맑음,단일로 - 기타,승용,남,26세,상해없음,보행자,남,27세,경상
뺑소니사고,2021041100100012,2021년 4월 11일 01시,일요일,부산광역시 북구 구포동,경상사고,0,0,2,0,차대차 - 기타,안전운전불이행,건조,맑음,단일로 - 기타,승용,남,26세,상해없음,승용,남,25세,경상
뺑소니사고,2021041100100051,2021년 4월 11일 07시,일요일,부산광역시 사상구 덕포동,중상사고,0,1,0,0,차대차 - 추돌,안전운전불이행,건조,맑음,교차로 - 교차로부근,승용,남,36세,상해없음,승용,남,68세,중상
뺑소니사고,2021041100100156,2021년 4월 11일 12시,일요일,부산광역시 사상구 괘법동,경상사고,0,0,3,0,차대차 - 추돌,안전운전불이행,건조,맑음,단일로 - 기타,승용,여,20세,상해없음,승용,남,34세,경상
뺑소니사고,2021041100100362,2021년 4월 11일 18시,일요일,부산광역시 북구 만덕동,경상사고,0,0,1,0,차대차 - 기타,신호위반,건조,맑음,단일로 - 터널,승용,남,74세,상해없음,승용,남,44세,경상
뺑소니사고,2021041200100333,2021년 4월 12일 16시,월요일,부산광역시 수영구 수영동,부상신고사고,0,0,0,1,차대사람 - 길가장자리구역통행중,안전운전불이행,젖음/습기,비,단일로 - 기타,승용,여,35세,상해없음,보행자,남,67세,부상신고
뺑소니사고,2021041200100334,2021년 4월 12일 16시,월요일,부산광역시 사상구 감전동,중상사고,0,1,1,0,차대차 - 기타,안전운전불이행,젖음/습기,비,교차로 - 교차로안,화물,남,77세,상해없음,승용,여,49세,경상
뺑소니사고,2021041200100548,2021년 4월 12일 21시,월요일,부산광역시 해운대구 재송동,경상사고,0,0,2,0,차대차 - 추돌,안전운전불이행,젖음/습기,비,단일로 - 기타,승용,남,28세,상해없음,승용,남,54세,경상
뺑소니사고,2021041200100549,2021년 4월 12일 21시,월요일,부산광역시 부산진구 부전동,경상사고,0,0,2,0,차대차 - 기타,안전운전불이행,젖음/습기,비,단일로 - 기타,승용,남,56세,상해없음,이륜,남,67세,기타불명
뺑소니사고,2021041200100551,2021년 4월 12일 21시,월요일,부산광역시 연제구 연산동,경상사고,0,0,1,0,차대사람 - 기타,안전운전불이행,젖음/습기,비,교차로 - 교차로안,승용,여,43세,상해없음,보행자,남,16세,경상
뺑소니사고,2021041300100181,2021년 4월 13일 11시,화요일,부산광역시 중구 보수동2가,경상사고,0,0,1,0,차대사람 - 보도통행중,안전운전불이행,건조,맑음,단일로 - 기타,이륜,남,59세,상해없음,보행자,여,56세,경상
뺑소니사고,2021041300100499,2021년 4월 13일 19시,화요일,부산광역시 해운대구 중동,중상사고,0,1,0,0,차대사람 - 횡단중,보행자보호의무위반,건조,맑음,교차로 - 교차로부근,승용,남,67세,상해없음,보행자,여,17세,중상
뺑소니사고,2021041300100534,2021년 4월 13일 20시,화요일,부산광역시 부산진구 범천동,경상사고,0,0,1,0,차대사람 - 차도통행중,안전운전불이행,건조,맑음,단일로 - 기타,이륜,남,50세,상해없음,보행자,남,71세,경상
뺑소니사고,2021041400100176,2021년 4월 14일 12시,수요일,부산광역시 부산진구 양정동,경상사고,0,0,1,0,차대사람 - 차도통행중,안전운전불이행,건조,맑음,단일로 - 기타,승용,여,51세,기타불명,보행자,여,21세,경상
뺑소니사고,2021041600100544,2021년 4월 16일 22시,금요일,부산광역시 수영구 민락동,중상사고,0,2,0,0,차대사람 - 기타,안전운전불이행,건조,맑음,교차로 - 교차로부근,승용,남,71세,상해없음,보행자,여,21세,중상
뺑소니사고,2021041700100372,2021년 4월 17일 16시,토요일,부산광역시 북구 화명동,경상사고,0,0,1,0,차대사람 - 기타,안전운전불이행,건조,맑음,단일로 - 기타,승용,남,66세,상해없음,보행자,여,48세,경상
뺑소니사고,2021041700100568,2021년 4월 17일 22시,토요일,부산광역시 기장군 정관읍,경상사고,0,0,3,0,차대차 - 추돌,안전운전불이행,건조,맑음,교차로 - 교차로부근,승합,남,44세,상해없음,승용,남,67세,경상
뺑소니사고,2021041800100294,2021년 4월 18일 18시,일요일,부산광역시 부산진구 부암동,경상사고,0,0,1,0,차대차 - 측면충돌,안전운전불이행,건조,맑음,교차로 - 교차로부근,승용,남,58세,상해없음,이륜,남,30세,경상
뺑소니사고,2021041800100296,2021년 4월 18일 18시,일요일,부산광역시 부산진구 부전동,중상사고,0,1,0,0,차대사람 - 기타,안전운전불이행,건조,맑음,단일로 - 기타,승용,남,24세,상해없음,보행자,남,53세,중상
뺑소니사고,2021042000100608,2021년 4월 20일 23시,화요일,부산광역시 금정구 남산동,부상신고사고,0,0,0,1,차대차 - 추돌,안전운전불이행,건조,맑음,단일로 - 기타,승용,남,32세,상해없음,화물,남,25세,부상신고
뺑소니사고,2021042100100012,2021년 4월 21일 01시,수요일,부산광역시 부산진구 부전동,중상사고,0,1,0,0,차대차 - 기타,안전거리미확보,건조,맑음,단일로 - 기타,원동기,남,55세,중상,이륜,남,24세,상해없음
뺑소니사고,2021042100100416,2021년 4월 21일 17시,수요일,부산광역시 사상구 학장동,경상사고,0,0,1,0,차대사람 - 길가장자리구역통행중,안전운전불이행,건조,맑음,교차로 - 교차로부근,승용,남,68세,상해없음,보행자,여,29세,경상
뺑소니사고,2021042100100463,2021년 4월 21일 18시,수요일,부산광역시 사상구 괘법동,경상사고,0,0,1,0,차대차 - 추돌,안전운전불이행,건조,맑음,교차로 - 교차로부근,승용,남,26세,상해없음,승용,남,28세,경상
뺑소니사고,2.02104E+15,2021년 4월 22일 16시,목요일,부산광역시 수영구 광안동,경상사고,0,0,2,0,차대차 - 측면충돌,안전운전불이행,건조,맑음,단일로 - 기타,승용,남,34세,상해없음,승용,남,72세,상해없음
뺑소니사고,2021042200100381,2021년 4월 22일 17시,목요일,부산광역시 금정구 장전동,경상사고,0,0,1,0,차대사람 - 기타,안전운전불이행,건조,맑음,단일로 - 기타,승용,여,49세,상해없음,보행자,남,23세,경상
뺑소니사고,2021042300100072,2021년 4월 23일 08시,금요일,부산광역시 부산진구 당감동,중상사고,0,1,0,0,차대사람 - 기타,안전운전불이행,건조,맑음,단일로 - 기타,승용,남,55세,상해없음,보행자,여,45세,중상
뺑소니사고,2021042300100142,2021년 4월 23일 10시,금요일,부산광역시 사상구 괘법동,중상사고,0,1,0,0,차대사람 - 길가장자리구역통행중,안전운전불이행,건조,맑음,교차로 - 교차로부근,화물,남,67세,상해없음,보행자,남,72세,중상
뺑소니사고,2021042500100374,2021년 4월 25일 18시,일요일,부산광역시 북구 구포동,경상사고,0,0,1,0,차대사람 - 횡단중,안전운전불이행,건조,맑음,단일로 - 기타,승용,남,63세,상해없음,보행자,여,55세,경상
뺑소니사고,2021042600100504,2021년 4월 26일 19시,월요일,부산광역시 수영구 민락동,사망사고,1,0,0,0,차대사람 - 기타,안전운전불이행,건조,맑음,단일로 - 기타,이륜,남,43세,상해없음,보행자,남,83세,사망
뺑소니사고,2021042600100594,2021년 4월 26일 22시,월요일,부산광역시 부산진구 전포동,경상사고,0,0,1,0,차대사람 - 기타,안전운전불이행,건조,맑음,단일로 - 지하차도(도로)내,승용,남,24세,상해없음,보행자,남,31세,경상
뺑소니사고,2021042700100529,2021년 4월 27일 21시,화요일,부산광역시 동래구 수안동,경상사고,0,0,2,0,차대차 - 추돌,안전운전불이행,건조,맑음,교차로 - 교차로부근,승용,남,33세,상해없음,승용,남,31세,경상
뺑소니사고,2021042700100531,2021년 4월 27일 21시,화요일,부산광역시 사하구 다대동,경상사고,0,0,1,0,차대차 - 측면충돌,안전운전불이행,건조,맑음,단일로 - 지하차도(도로)내,승용,남,57세,상해없음,승용,남,46세,경상