사고부문,사고번호,사고일시,요일,시군구,사고내용,사망자수,중상자수,경상자수,부상신고자수,사고유형,법규위반,노면상태,기상상태,도로형태,가해운전자 차종,가해운전자 성별,가해운전자 연령,가해운전자 상해정도,피해운전자 차종,피해운전자 성별,피해운전자 연령,피해운전자 상해정도
뺑소니사고,2021042800100032,2021년 4월 28일 05시,수요일,부산광역시 사상구 학장동,경상사고,0,0,2,0,차대차 - 추돌,안전운전불이행,건조,맑음,단일로 - 기타,승용,남,41세,상해없음,승용,여,56세,경상
뺑소니사고,2021042900100031,2021년 4월 29일 05시,목요일,부산광역시 부산진구 전포동,경상사고,0,0,1,0,차대차 - 측면충돌,신호위반,건조,맑음,교차로 - 교차로안,승용,남,30세,상해없음,화물,남,51세,경상
뺑소니사고,2021050400100156,2021년 5월 4일 11시,화요일,부산광역시 부산진구 양정동,경상사고,0,0,1,0,차대차 - 추돌,차로위반,건조,맑음,교차로 - 교차로부근,원동기,남,49세,기타불명,원동기,남,28세,경상
뺑소니사고,2021050400100531,2021년 5월 4일 20시,화요일,부산광역시 연제구 연산동,경상사고,0,0,1,0,차대사람 - 기타,안전운전불이행,젖음/습기,비,교차로 - 교차로안,승용,남,57세,상해없음,보행자,여,14세,경상
뺑소니사고,2021050500100022,2021년 5월 5일 01시,수요일,부산광역시 부산진구 개금동,경상사고,0,0,1,0,차대차 - 추돌,안전운전불이행,젖음/습기,비,단일로 - 기타,화물,남,55세,상해없음,승용,남,22세,상해없음
뺑소니사고,2021050500100343,2021년 5월 5일 16시,수요일,부산광역시 금정구 남산동,경상사고,0,0,1,0,차대차 - 기타,안전운전불이행,건조,맑음,교차로 - 교차로부근,이륜,남,27세,기타불명,이륜,남,21세,경상
뺑소니사고,2021050700100026,2021년 5월 7일 04시,금요일,부산광역시 부산진구 부전동,중상사고,0,1,2,0,차대사람 - 기타,안전운전불이행,건조,맑음,단일로 - 기타,승용,여,34세,상해없음,보행자,남,40세,경상
뺑소니사고,2021050700100385,2021년 5월 7일 17시,금요일,부산광역시 금정구 구서동,경상사고,0,0,1,0,차대차 - 기타,안전운전불이행,건조,맑음,단일로 - 기타,화물,남,60세,상해없음,승용,여,30세,경상
뺑소니사고,2021050800100387,2021년 5월 8일 16시,토요일,부산광역시 금정구 구서동,경상사고,0,0,1,0,차대사람 - 기타,안전운전불이행,건조,맑음,단일로 - 기타,이륜,남,80세,상해없음,보행자,여,68세,경상
뺑소니사고,2021050800100569,2021년 5월 8일 21시,토요일,부산광역시 동구 범일동,경상사고,0,0,2,0,차대차 - 추돌,안전운전불이행,건조,맑음,교차로 - 교차로부근,화물,남,56세,상해없음,승용,여,28세,경상
뺑소니사고,2021050800100596,2021년 5월 8일 22시,토요일,부산광역시 금정구 부곡동,경상사고,0,0,2,0,차대차 - 기타,안전운전불이행,건조,맑음,기타 - 기타,승용,여,23세,상해없음,승용,남,61세,경상
뺑소니사고,2021051000100476,2021년 5월 10일 20시,월요일,부산광역시 해운대구 반여동,경상사고,0,0,1,0,차대사람 - 횡단중,보행자보호의무위반,건조,맑음,교차로 - 교차로횡단보도내,승용,남,70세,상해없음,보행자,남,7세,경상
뺑소니사고,2.02105E+15,2021년 5월 11일 17시,화요일,부산광역시 부산진구 양정동,중상사고,0,1,0,0,차대차 - 측면충돌,신호위반,건조,맑음,교차로 - 교차로안,승용,남,38세,상해없음,승용,여,45세,중상
뺑소니사고,2021051200100204,2021년 5월 12일 12시,수요일,부산광역시 금정구 금사동,부상신고사고,0,0,0,1,차대차 - 기타,안전운전불이행,건조,맑음,교차로 - 교차로안,승용,남,38세,상해없음,자전거,남,48세,부상신고
뺑소니사고,2021051200100309,2021년 5월 12일 15시,수요일,부산광역시 부산진구 양정동,중상사고,0,1,0,0,차대사람 - 횡단중,보행자보호의무위반,건조,맑음,기타 - 기타,화물,남,50세,상해없음,보행자,여,56세,중상
뺑소니사고,2021051200100352,2021년 5월 12일 16시,수요일,부산광역시 부산진구 부암동,경상사고,0,0,2,0,차대차 - 측면충돌,안전거리미확보,건조,맑음,단일로 - 기타,승용,여,77세,상해없음,승용,남,22세,경상
뺑소니사고,2021051300100254,2021년 5월 13일 13시,목요일,부산광역시 금정구 부곡동,경상사고,0,0,1,0,차대차 - 추돌,안전운전불이행,건조,맑음,기타 - 기타,승용,남,64세,상해없음,승용,여,38세,경상
뺑소니사고,2021051300100579,2021년 5월 13일 21시,목요일,부산광역시 부산진구 범천동,경상사고,0,0,1,0,차대사람 - 기타,안전운전불이행,건조,맑음,교차로 - 교차로부근,승용,남,53세,상해없음,보행자,남,22세,경상
뺑소니사고,2021051400100615,2021년 5월 14일 20시,금요일,부산광역시 금정구 서동,경상사고,0,0,1,0,차대사람 - 기타,안전운전불이행,건조,맑음,기타 - 기타,승용,남,49세,상해없음,보행자,남,60세,경상
뺑소니사고,2021051500100435,2021년 5월 15일 18시,토요일,부산광역시 동래구 명장동,경상사고,0,0,2,0,차대차 - 추돌,안전운전불이행,건조,맑음,단일로 - 기타,승용,남,35세,상해없음,승용,남,29세,경상
뺑소니사고,2021051700100185,2021년 5월 17일 12시,월요일,부산광역시 영도구 봉래동1가,중상사고,0,1,0,0,차대사람 - 기타,안전운전불이행,건조,맑음,주차장 - 주차장,화물,남,51세,상해없음,보행자,남,74세,중상
뺑소니사고,2021051700100483,2021년 5월 17일 21시,월요일,부산광역시 사하구 괴정동,중상사고,0,1,0,0,차대사람 - 횡단중,신호위반,건조,맑음,단일로 - 기타,승용,남,41세,상해없음,보행자,여,69세,중상
뺑소니사고,2021051700100485,2021년 5월 17일 21시,월요일,부산광역시 기장군 일광면,중상사고,0,3,0,0,차대차 - 정면충돌,중앙선침범,젖음/습기,비,단일로 - 기타,승용,남,38세,상해없음,승용,남,33세,중상
뺑소니사고,2021052000100204,2021년 5월 20일 13시,목요일,부산광역시 수영구 광안동,경상사고,0,0,1,0,차대차 - 정면충돌,안전운전불이행,젖음/습기,비,교차로 - 교차로안,승용,남,62세,상해없음,특수,남,41세,경상
뺑소니사고,2021052000100205,2021년 5월 20일 13시,목요일,부산광역시 부산진구 범천동,중상사고,0,1,0,0,차대사람 - 길가장자리구역통행중,안전운전불이행,젖음/습기,비,단일로 - 기타,승용,남,62세,상해없음,보행자,여,31세,중상
뺑소니사고,2021052000100234,2021년 5월 20일 14시,목요일,부산광역시 부산진구 범천동,경상사고,0,0,1,0,차대사람 - 기타,불법유턴,건조,맑음,단일로 - 기타,승용,남,53세,상해없음,보행자,남,30세,경상
뺑소니사고,2021052000100409,2021년 5월 20일 19시,목요일,부산광역시 영도구 동삼동,경상사고,0,0,3,0,차대차 - 측면충돌,안전거리미확보,건조,맑음,단일로 - 기타,승용,남,28세,상해없음,승용,남,45세,경상
뺑소니사고,2021052100100374,2021년 5월 21일 17시,금요일,부산광역시 해운대구 우동,경상사고,0,0,1,0,차대차 - 추돌,안전운전불이행,건조,맑음,단일로 - 터널,승용,남,45세,상해없음,승용,여,46세,경상
뺑소니사고,2021052300100322,2021년 5월 23일 19시,일요일,부산광역시 연제구 연산동,경상사고,0,0,1,0,차대차 - 측면충돌,신호위반,건조,맑음,교차로 - 교차로안,승용,남,17세,상해없음,승용,남,62세,경상
뺑소니사고,2021052400100162,2021년 5월 24일 11시,월요일,부산광역시 사상구 엄궁동,경상사고,0,0,1,0,차대사람 - 횡단중,신호위반,건조,맑음,교차로 - 교차로부근,이륜,남,35세,상해없음,보행자,여,7세,경상
뺑소니사고,2021052400100297,2021년 5월 24일 15시,월요일,부산광역시 수영구 광안동,중상사고,0,1,0,0,차대차 - 기타,차로위반,건조,맑음,단일로 - 기타,승용,남,68세,상해없음,승용,여,45세,중상
뺑소니사고,2021052500100596,2021년 5월 25일 23시,화요일,부산광역시 사하구 다대동,중상사고,0,1,0,0,차대차 - 측면충돌,중앙선침범,건조,맑음,교차로 - 교차로부근,승용,남,53세,상해없음,승용,여,29세,중상
뺑소니사고,2021052600100362,2021년 5월 26일 17시,수요일,부산광역시 부산진구 양정동,경상사고,0,0,1,0,차대차 - 측면충돌,안전운전불이행,건조,맑음,기타 - 기타,승용,남,62세,경상,승용,여,61세,상해없음
뺑소니사고,2021052800100537,2021년 5월 28일 20시,금요일,부산광역시 중구 중앙동6가,경상사고,0,0,2,0,차대차 - 측면충돌,안전운전불이행,건조,흐림,단일로 - 기타,승용,남,47세,상해없음,승용,남,61세,경상
뺑소니사고,2.02105E+15,2021년 5월 31일 14시,월요일,부산광역시 부산진구 부전동,경상사고,0,0,1,0,차대사람 - 횡단중,안전운전불이행,건조,맑음,단일로 - 기타,승용,여,27세,기타불명,보행자,여,47세,경상
뺑소니사고,2021060100100029,2021년 6월 1일 03시,화요일,부산광역시 해운대구 우동,경상사고,0,0,1,0,차대차 - 측면충돌,안전거리미확보,건조,맑음,단일로 - 기타,승용,남,41세,상해없음,승용,남,54세,경상
뺑소니사고,2021060100100293,2021년 6월 1일 14시,화요일,부산광역시 부산진구 부암동,경상사고,0,0,1,0,차대사람 - 기타,안전운전불이행,건조,맑음,단일로 - 기타,승용,남,62세,상해없음,보행자,여,8세,경상
뺑소니사고,2021060400100056,2021년 6월 4일 07시,금요일,부산광역시 부산진구 당감동,경상사고,0,0,1,0,차대차 - 측면충돌,안전거리미확보,건조,맑음,단일로 - 기타,승용,남,56세,상해없음,승용,남,53세,경상
뺑소니사고,2.02106E+15,2021년 6월 4일 21시,금요일,부산광역시 연제구 거제동,경상사고,0,0,1,0,차대차 - 추돌,안전운전불이행,건조,맑음,단일로 - 기타,승용,남,34세,상해없음,승용,여,47세,경상
뺑소니사고,2021060500100021,2021년 6월 5일 01시,토요일,부산광역시 부산진구 부암동,경상사고,0,0,1,0,차대차 - 측면충돌,안전거리미확보,건조,맑음,단일로 - 기타,승용,남,65세,상해없음,승용,남,29세,경상
뺑소니사고,2021060500100127,2021년 6월 5일 10시,토요일,부산광역시 해운대구 반여동,경상사고,0,0,2,0,차대차 - 측면충돌,안전운전불이행,건조,맑음,교차로 - 교차로부근,승용,남,49세,상해없음,승용,여,49세,경상
뺑소니사고,2021060700100306,2021년 6월 7일 15시,월요일,부산광역시 부산진구 부전동,경상사고,0,0,1,0,차대사람 - 차도통행중,안전운전불이행,건조,맑음,단일로 - 기타,승용,여,29세,상해없음,보행자,남,21세,경상
뺑소니사고,2021060900100072,2021년 6월 9일 08시,수요일,부산광역시 사하구 다대동,경상사고,0,0,1,0,차대차 - 추돌,안전운전불이행,건조,맑음,단일로 - 기타,승용,남,47세,상해없음,승용,남,59세,경상
뺑소니사고,2021060900100269,2021년 6월 9일 14시,수요일,부산광역시 부산진구 전포동,경상사고,0,0,1,0,차대차 - 측면충돌,안전운전불이행,건조,맑음,단일로 - 기타,화물,남,45세,상해없음,이륜,남,41세,경상
뺑소니사고,2021060900100354,2021년 6월 9일 16시,수요일,부산광역시 해운대구 송정동,경상사고,0,0,1,0,차대사람 - 기타,기타,건조,맑음,단일로 - 기타,승용,여,62세,상해없음,보행자,남,8세,경상
뺑소니사고,2021061000100054,2021년 6월 10일 07시,목요일,부산광역시 금정구 부곡동,경상사고,0,0,1,0,차대사람 - 횡단중,안전운전불이행,건조,맑음,기타 - 기타,승용,남,68세,상해없음,보행자,여,21세,경상
뺑소니사고,2021061000100266,2021년 6월 10일 13시,목요일,부산광역시 수영구 광안동,경상사고,0,0,1,0,차대차 - 기타,안전운전불이행,건조,맑음,교차로 - 교차로횡단보도내,이륜,남,49세,상해없음,자전거,여,56세,경상
뺑소니사고,2021061000100536,2021년 6월 10일 20시,목요일,부산광역시 동래구 안락동,경상사고,0,0,1,0,차대차 - 추돌,안전운전불이행,건조,맑음,교차로 - 교차로부근,승용,남,31세,상해없음,승용,남,44세,경상
뺑소니사고,2021061000100577,2021년 6월 10일 21시,목요일,부산광역시 사상구 감전동,경상사고,0,0,1,0,차대차 - 기타,안전운전불이행,건조,맑음,기타 - 기타,승용,남,57세,상해없음,승합,남,61세,상해없음
뺑소니사고,2021061100100152,2021년 6월 11일 10시,금요일,부산광역시 동구 범일동,경상사고,0,0,1,0,차대차 - 측면충돌,교차로운행방법위반,젖음/습기,비,교차로 - 교차로안,승용,남,77세,상해없음,승용,남,49세,경상
뺑소니사고,2021061100100186,2021년 6월 11일 11시,금요일,부산광역시 부산진구 부전동,경상사고,0,0,1,0,차대사람 - 길가장자리구역통행중,안전운전불이행,젖음/습기,비,단일로 - 기타,화물,남,44세,상해없음,보행자,여,23세,경상
뺑소니사고,2021061100100257,2021년 6월 11일 13시,금요일,부산광역시 사상구 괘법동,경상사고,0,0,1,0,차대차 - 측면충돌,안전거리미확보,젖음/습기,비,단일로 - 기타,화물,남,24세,상해없음,화물,남,46세,경상
뺑소니사고,2.02106E+15,2021년 6월 11일 23시,금요일,부산광역시 부산진구 전포동,경상사고,0,0,1,0,차대사람 - 기타,안전운전불이행,젖음/습기,비,단일로 - 기타,승용,남,36세,상해없음,보행자,남,61세,경상
뺑소니사고,2.02106E+15,2021년 6월 12일 12시,토요일,부산광역시 서구 부민동3가,경상사고,0,0,1,0,차대차 - 정면충돌,신호위반,젖음/습기,비,단일로 - 기타,기타불명,기타불명,미분류,기타불명,이륜,남,29세,경상
뺑소니사고,2021061200100426,2021년 6월 12일 17시,토요일,부산광역시 금정구 서동,경상사고,0,0,2,0,차대차 - 측면충돌,안전운전불이행,젖음/습기,비,교차로 - 교차로부근,승용,남,54세,상해없음,승용,남,62세,경상
뺑소니사고,2021061400100344,2021년 6월 14일 15시,월요일,부산광역시 부산진구 당감동,경상사고,0,0,1,0,차대차 - 추돌,교차로운행방법위반,건조,맑음,교차로 - 교차로안,승용,여,63세,상해없음,승용,여,47세,경상
뺑소니사고,2021061400100414,2021년 6월 14일 17시,월요일,부산광역시 사상구 학장동,경상사고,0,0,1,0,차대차 - 기타,안전운전불이행,건조,맑음,단일로 - 기타,승용,남,40세,상해없음,승용,여,51세,경상
뺑소니사고,2021061500100045,2021년 6월 15일 07시,화요일,부산광역시 해운대구 재송동,경상사고,0,0,1,0,차대사람 - 길가장자리구역통행중,안전운전불이행,젖음/습기,흐림,단일로 - 기타,승용,남,29세,상해없음,보행자,남,38세,경상
뺑소니사고,2021061500100066,2021년 6월 15일 08시,화요일,부산광역시 금정구 부곡동,경상사고,0,0,1,0,차대차 - 측면충돌,안전운전불이행,건조,맑음,단일로 - 기타,승용,남,65세,상해없음,화물,남,42세,경상
뺑소니사고,2021061500100165,2021년 6월 15일 11시,화요일,부산광역시 사상구 주례동,경상사고,0,0,1,0,차대사람 - 보도통행중,안전운전불이행,건조,맑음,단일로 - 기타,승용,남,31세,상해없음,보행자,남,75세,경상
뺑소니사고,2021061500100505,2021년 6월 15일 20시,화요일,부산광역시 금정구 부곡동,경상사고,0,0,4,0,차대차 - 측면충돌,안전운전불이행,젖음/습기,비,교차로 - 교차로안,승용,남,58세,상해없음,승용,남,33세,경상
뺑소니사고,2021061500100564,2021년 6월 15일 22시,화요일,부산광역시 사하구 하단동,중상사고,0,1,0,0,차대사람 - 기타,안전운전불이행,젖음/습기,비,교차로 - 교차로안,승용,남,37세,상해없음,보행자,남,27세,중상
뺑소니사고,2021061600100004,2021년 6월 16일 00시,수요일,부산광역시 해운대구 우동,경상사고,0,0,2,0,차대차 - 후진중충돌,안전운전불이행,젖음/습기,비,단일로 - 기타,승용,남,35세,상해없음,승용,남,61세,경상
뺑소니사고,2021061700100536,2021년 6월 17일 22시,목요일,부산광역시 기장군 철마면,중상사고,0,1,0,0,차대차 - 기타,안전운전불이행,젖음/습기,흐림,단일로 - 기타,승용,남,56세,상해없음,이륜,남,49세,중상
뺑소니사고,2021061800100272,2021년 6월 18일 15시,금요일,부산광역시 부산진구 부전동,경상사고,0,0,1,0,차대사람 - 기타,안전운전불이행,건조,맑음,단일로 - 기타,승용,남,24세,상해없음,보행자,여,22세,경상
뺑소니사고,2021061900100181,2021년 6월 19일 11시,토요일,부산광역시 금정구 구서동,경상사고,0,0,3,0,차대차 - 기타,안전거리미확보,건조,맑음,단일로 - 기타,승용,남,49세,상해없음,화물,남,46세,경상
뺑소니사고,2021062000100361,2021년 6월 20일 18시,일요일,부산광역시 금정구 장전동,경상사고,0,0,1,0,차대차 - 기타,안전운전불이행,건조,맑음,단일로 - 기타,승용,남,29세,상해없음,이륜,남,35세,경상
뺑소니사고,2021062000100422,2021년 6월 20일 20시,일요일,부산광역시 금정구 회동동,경상사고,0,0,2,0,차대차 - 측면충돌,안전거리미확보,건조,맑음,단일로 - 기타,승용,남,70세,상해없음,승용,남,41세,경상
뺑소니사고,2021062100100199,2021년 6월 21일 11시,월요일,부산광역시 금정구 부곡동,부상신고사고,0,0,0,1,차대차 - 기타,안전운전불이행,건조,맑음,기타 - 기타,승용,남,74세,상해없음,승용,남,65세,부상신고
뺑소니사고,2021062200100035,2021년 6월 22일 06시,화요일,부산광역시 북구 덕천동,중상사고,0,1,1,0,차대차 - 측면충돌,신호위반,건조,맑음,교차로 - 교차로안,화물,남,38세,상해없음,승용,남,58세,중상
뺑소니사고,2021062200100079,2021년 6월 22일 08시,화요일,부산광역시 금정구 서동,부상신고사고,0,0,0,1,차대사람 - 기타,안전운전불이행,건조,맑음,단일로 - 기타,승용,남,62세,상해없음,보행자,남,11세,부상신고
뺑소니사고,2021062200100122,2021년 6월 22일 09시,화요일,부산광역시 사상구 학장동,경상사고,0,0,2,0,차대차 - 기타,안전운전불이행,건조,맑음,단일로 - 기타,승용,남,66세,상해없음,승용,남,64세,경상
뺑소니사고,2021062200100299,2021년 6월 22일 14시,화요일,부산광역시 수영구 망미동,경상사고,0,0,1,0,차대차 - 기타,안전운전불이행,건조,맑음,단일로 - 기타,승용,여,40세,상해없음,자전거,남,11세,경상
뺑소니사고,2.02106E+15,2021년 6월 23일 15시,수요일,부산광역시 부산진구 부전동,중상사고,0,1,0,0,차대차 - 측면충돌,안전운전불이행,건조,맑음,교차로 - 교차로안,승용,남,73세,기타불명,화물,남,36세,중상
뺑소니사고,2021062400100136,2021년 6월 24일 09시,목요일,부산광역시 사상구 감전동,경상사고,0,0,1,0,차대차 - 측면충돌,안전운전불이행,건조,맑음,단일로 - 교량,화물,남,49세,상해없음,승용,여,38세,경상
뺑소니사고,2021062500100268,2021년 6월 25일 13시,금요일,부산광역시 동구 좌천동,경상사고,0,0,1,0,차대차 - 측면충돌,신호위반,건조,맑음,교차로 - 교차로부근,승용,남,55세,상해없음,승용,여,46세,경상
뺑소니사고,2021062600100004,2021년 6월 26일 00시,토요일,부산광역시 중구 보수동3가,경상사고,0,0,5,0,차대차 - 정면충돌,안전운전불이행,건조,맑음,교차로 - 교차로안,화물,남,57세,상해없음,승용,남,58세,경상
뺑소니사고,2021062600100112,2021년 6월 26일 09시,토요일,부산광역시 금정구 노포동,부상신고사고,0,0,0,1,차대차 - 기타,안전운전불이행,건조,맑음,기타 - 기타,화물,남,64세,기타불명,승용,남,52세,부상신고
뺑소니사고,2021062600100333,2021년 6월 26일 15시,토요일,부산광역시 부산진구 전포동,경상사고,0,0,1,0,차대사람 - 기타,안전운전불이행,건조,맑음,단일로 - 기타,승용,남,29세,상해없음,보행자,여,16세,경상
뺑소니사고,2021062700100075,2021년 6월 27일 07시,일요일,부산광역시 연제구 거제동,중상사고,0,1,0,0,차대차 - 기타,차로위반,건조,맑음,단일로 - 기타,승용,남,26세,상해없음,승용,여,37세,중상
뺑소니사고,2021062700100114,2021년 6월 27일 10시,일요일,부산광역시 금정구 부곡동,경상사고,0,0,1,0,차대사람 - 기타,안전운전불이행,건조,맑음,기타 - 기타,승용,남,87세,상해없음,보행자,남,41세,경상
뺑소니사고,2021062800100049,2021년 6월 28일 07시,월요일,부산광역시 부산진구 초읍동,중상사고,0,1,0,0,차량단독 - 기타,안전운전불이행,건조,맑음,단일로 - 기타,승합,남,46세,상해없음,,,,
뺑소니사고,2021062900100327,2021년 6월 29일 15시,화요일,부산광역시 수영구 수영동,경상사고,0,0,1,0,차대사람 - 기타,안전운전불이행,건조,맑음,단일로 - 기타,승용,남,39세,상해없음,보행자,남,85세,경상
뺑소니사고,2021062900100562,2021년 6월 29일 20시,화요일,부산광역시 해운대구 반송동,중상사고,0,1,0,0,차대사람 - 길가장자리구역통행중,안전운전불이행,건조,맑음,단일로 - 기타,화물,남,44세,상해없음,보행자,여,79세,중상
뺑소니사고,2021070100100294,2021년 7월 1일 14시,목요일,부산광역시 연제구 거제동,부상신고사고,0,0,0,1,차대차 - 측면충돌,안전운전불이행,건조,맑음,단일로 - 기타,이륜,남,34세,상해없음,자전거,남,66세,부상신고
뺑소니사고,2021070100100402,2021년 7월 1일 17시,목요일,부산광역시 부산진구 양정동,경상사고,0,0,1,0,차대차 - 기타,안전운전불이행,건조,맑음,단일로 - 기타,승합,남,48세,상해없음,승용,남,28세,경상
뺑소니사고,2021070300100119,2021년 7월 3일 10시,토요일,부산광역시 해운대구 중동,경상사고,0,0,6,0,차대차 - 정면충돌,중앙선침범,건조,흐림,교차로 - 교차로부근,승용,남,26세,상해없음,승용,여,29세,경상
뺑소니사고,2021070300100422,2021년 7월 3일 18시,토요일,부산광역시 금정구 금사동,경상사고,0,0,1,0,차대차 - 기타,안전운전불이행,젖음/습기,비,기타 - 기타,승합,남,46세,기타불명,승용,남,67세,경상
뺑소니사고,2021070300100565,2021년 7월 3일 21시,토요일,부산광역시 기장군 기장읍,경상사고,0,0,3,0,차대차 - 정면충돌,안전운전불이행,젖음/습기,비,단일로 - 기타,승용,남,61세,상해없음,승용,남,64세,경상
뺑소니사고,2021070500100149,2021년 7월 5일 10시,월요일,부산광역시 부산진구 부암동,경상사고,0,0,1,0,차대차 - 기타,중앙선침범,건조,맑음,단일로 - 기타,승용,남,67세,상해없음,승용,여,33세,경상
뺑소니사고,2021070500100569,2021년 7월 5일 22시,월요일,부산광역시 부산진구 전포동,경상사고,0,0,2,0,차대차 - 측면충돌,교차로운행방법위반,젖음/습기,비,교차로 - 교차로안,승용,여,33세,상해없음,승용,여,59세,경상
뺑소니사고,2021070600100127,2021년 7월 6일 09시,화요일,부산광역시 부산진구 부전동,경상사고,0,0,1,0,차대사람 - 기타,안전운전불이행,젖음/습기,비,기타 - 기타,승용,여,44세,상해없음,보행자,여,51세,경상
뺑소니사고,2021070600100564,2021년 7월 6일 22시,화요일,부산광역시 해운대구 중동,중상사고,0,2,0,0,차대사람 - 보도통행중,기타,젖음/습기,비,교차로 - 교차로부근,승용,남,33세,상해없음,보행자,남,33세,중상
뺑소니사고,2021070700100264,2021년 7월 7일 13시,수요일,부산광역시 부산진구 부전동,경상사고,0,0,1,0,차대사람 - 기타,안전운전불이행,젖음/습기,비,단일로 - 기타,승용,여,33세,상해없음,보행자,여,28세,경상
뺑소니사고,2021071000100041,2021년 7월 10일 02시,토요일,부산광역시 부산진구 부전동,경상사고,0,0,1,0,차대사람 - 기타,불법유턴,건조,맑음,단일로 - 기타,승용,남,28세,상해없음,보행자,남,21세,경상
뺑소니사고,2021071000100359,2021년 7월 10일 15시,토요일,부산광역시 남구 문현동,경상사고,0,0,2,0,차대차 - 측면충돌,안전운전불이행,건조,맑음,단일로 - 기타,승용,남,70세,상해없음,승용,남,36세,경상
뺑소니사고,2021071000100499,2021년 7월 10일 19시,토요일,부산광역시 부산진구 부전동,경상사고,0,0,1,0,차대사람 - 길가장자리구역통행중,안전운전불이행,건조,맑음,단일로 - 기타,승용,남,25세,기타불명,보행자,남,26세,경상
뺑소니사고,2021071200100249,2021년 7월 12일 14시,월요일,부산광역시 수영구 수영동,경상사고,0,0,1,0,차대사람 - 길가장자리구역통행중,안전운전불이행,건조,맑음,단일로 - 기타,화물,남,60세,상해없음,보행자,남,40세,경상
뺑소니사고,2021071300100341,2021년 7월 13일 15시,화요일,부산광역시 금정구 서동,경상사고,0,0,1,0,차대사람 - 기타,안전운전불이행,건조,맑음,기타 - 기타,승용,남,48세,상해없음,보행자,남,66세,경상
뺑소니사고,2021071400100144,2021년 7월 14일 10시,수요일,부산광역시 부산진구 양정동,경상사고,0,0,1,0,차대사람 - 횡단중,보행자보호의무위반,건조,맑음,교차로 - 교차로부근,승용,남,40세,상해없음,보행자,남,28세,경상
뺑소니사고,2021071400100145,2021년 7월 14일 10시,수요일,부산광역시 금정구 부곡동,경상사고,0,0,1,0,차대차 - 추돌,안전운전불이행,건조,맑음,교차로 - 교차로부근,승용,여,47세,상해없음,승합,남,44세,경상
뺑소니사고,2021071400100394,2021년 7월 14일 17시,수요일,부산광역시 사상구 학장동,경상사고,0,0,1,0,차대차 - 측면충돌,신호위반,건조,맑음,단일로 - 교량,승용,남,59세,상해없음,승용,남,32세,경상
뺑소니사고,2021071500100444,2021년 7월 15일 18시,목요일,부산광역시 부산진구 부암동,경상사고,0,0,1,0,차대차 - 기타,안전거리미확보,건조,맑음,단일로 - 기타,승용,남,64세,상해없음,이륜,남,58세,경상
뺑소니사고,2021071500100447,2021년 7월 15일 18시,목요일,부산광역시 금정구 구서동,경상사고,0,0,1,0,차대사람 - 기타,안전운전불이행,건조,맑음,기타 - 기타,이륜,남,27세,상해없음,보행자,여,39세,경상
뺑소니사고,2021071500100588,2021년 7월 15일 22시,목요일,부산광역시 해운대구 재송동,경상사고,0,0,1,0,차대사람 - 횡단중,신호위반,건조,맑음,교차로 - 교차로횡단보도내,이륜,남,28세,상해없음,보행자,여,18세,경상
뺑소니사고,2.02107E+15,2021년 7월 16일 15시,금요일,부산광역시 금정구 장전동,경상사고,0,0,4,0,차대차 - 기타,안전운전불이행,건조,맑음,기타 - 기타,승용,여,69세,상해없음,승합,남,54세,경상
뺑소니사고,2.02107E+15,2021년 7월 16일 20시,금요일,부산광역시 동래구 온천동,중상사고,0,1,2,0,차대차 - 정면충돌,신호위반,건조,맑음,교차로 - 교차로부근,이륜,남,33세,상해없음,승용,남,51세,경상
뺑소니사고,2021071600100607,2021년 7월 16일 21시,금요일,부산광역시 북구 덕천동,경상사고,0,0,1,0,차대차 - 정면충돌,신호위반,건조,맑음,교차로 - 교차로안,승용,남,40세,상해없음,승용,여,64세,경상
뺑소니사고,2021071700100176,2021년 7월 17일 11시,토요일,부산광역시 사상구 괘법동,경상사고,0,0,1,0,차대사람 - 기타,기타,젖음/습기,흐림,단일로 - 기타,승용,남,65세,상해없음,보행자,남,48세,경상