사고부문,사고번호,사고일시,요일,시군구,사고내용,사망자수,중상자수,경상자수,부상신고자수,사고유형,법규위반,노면상태,기상상태,도로형태,가해운전자 차종,가해운전자 성별,가해운전자 연령,가해운전자 상해정도,피해운전자 차종,피해운전자 성별,피해운전자 연령,피해운전자 상해정도
뺑소니사고,2021071700100603,2021년 7월 17일 23시,토요일,부산광역시 동구 초량동,경상사고,0,0,1,0,차대사람 - 횡단중,보행자보호의무위반,건조,맑음,단일로 - 기타,승용,남,33세,상해없음,보행자,여,21세,경상
뺑소니사고,2021071900100082,2021년 7월 19일 08시,월요일,부산광역시 수영구 남천동,경상사고,0,0,4,0,차대차 - 기타,중앙선침범,건조,맑음,교차로 - 교차로부근,승용,남,29세,상해없음,승용,남,43세,상해없음
뺑소니사고,2021071900100488,2021년 7월 19일 19시,월요일,부산광역시 북구 만덕동,경상사고,0,0,1,0,차대차 - 기타,안전운전불이행,건조,맑음,단일로 - 기타,승용,남,55세,상해없음,승용,여,53세,경상
뺑소니사고,2021072000100458,2021년 7월 20일 19시,화요일,부산광역시 사상구 덕포동,경상사고,0,0,1,0,차대사람 - 기타,안전운전불이행,건조,맑음,단일로 - 기타,승용,남,62세,상해없음,보행자,여,18세,경상
뺑소니사고,2021072300100076,2021년 7월 23일 08시,금요일,부산광역시 사상구 엄궁동,경상사고,0,0,1,0,차대차 - 측면충돌,안전거리미확보,건조,맑음,단일로 - 기타,화물,남,66세,상해없음,승용,남,26세,경상
뺑소니사고,2021072300100292,2021년 7월 23일 14시,금요일,부산광역시 해운대구 반여동,중상사고,0,1,0,0,차대차 - 측면충돌,안전거리미확보,건조,맑음,교차로 - 교차로부근,승용,남,63세,상해없음,승용,남,34세,중상
뺑소니사고,2021072300100475,2021년 7월 23일 18시,금요일,부산광역시 부산진구 부전동,경상사고,0,0,1,0,차대사람 - 차도통행중,안전운전불이행,건조,맑음,단일로 - 기타,승용,남,38세,기타불명,보행자,여,33세,경상
뺑소니사고,2021072300100477,2021년 7월 23일 18시,금요일,부산광역시 금정구 장전동,부상신고사고,0,0,0,2,차대차 - 추돌,안전운전불이행,건조,맑음,단일로 - 기타,승용,남,38세,상해없음,승용,남,52세,부상신고
뺑소니사고,2021072500100421,2021년 7월 25일 22시,일요일,부산광역시 남구 용호동,경상사고,0,0,3,0,차대차 - 추돌,안전운전불이행,건조,맑음,교차로 - 교차로부근,승용,남,28세,상해없음,승용,남,59세,경상
뺑소니사고,2021072500100422,2021년 7월 25일 22시,일요일,부산광역시 연제구 연산동,경상사고,0,0,1,0,차대사람 - 기타,안전운전불이행,건조,맑음,단일로 - 기타,승용,남,20세,상해없음,보행자,남,40세,경상
뺑소니사고,2021072700100462,2021년 7월 27일 18시,화요일,부산광역시 사상구 덕포동,경상사고,0,0,1,0,차대사람 - 차도통행중,안전운전불이행,건조,맑음,단일로 - 기타,승용,여,21세,상해없음,보행자,남,23세,경상
뺑소니사고,2.02107E+15,2021년 7월 28일 18시,수요일,부산광역시 연제구 거제동,경상사고,0,0,1,0,차대차 - 측면충돌,중앙선침범,건조,맑음,단일로 - 기타,이륜,남,17세,상해없음,승용,남,68세,경상
뺑소니사고,2021072900100018,2021년 7월 29일 02시,목요일,부산광역시 부산진구 당감동,경상사고,0,0,1,0,차대차 - 추돌,안전거리미확보,건조,맑음,단일로 - 기타,승용,남,38세,상해없음,승용,남,67세,경상
뺑소니사고,2021072900100175,2021년 7월 29일 11시,목요일,부산광역시 부산진구 당감동,경상사고,0,0,1,0,차대차 - 추돌,안전운전불이행,건조,맑음,단일로 - 기타,승용,남,51세,상해없음,승용,여,39세,경상
뺑소니사고,2021072900100503,2021년 7월 29일 21시,목요일,부산광역시 강서구 명지동,중상사고,0,2,0,0,차대차 - 추돌,안전운전불이행,건조,맑음,단일로 - 기타,승용,남,35세,상해없음,승용,여,56세,중상
뺑소니사고,2021073000100541,2021년 7월 30일 21시,금요일,부산광역시 부산진구 양정동,중상사고,0,1,0,0,차대차 - 기타,안전거리미확보,건조,맑음,교차로 - 교차로안,이륜,남,21세,상해없음,승합,남,52세,상해없음
뺑소니사고,2021073100100533,2021년 7월 31일 22시,토요일,부산광역시 수영구 남천동,중상사고,0,1,1,0,차대차 - 기타,안전거리미확보,건조,맑음,단일로 - 교량,승용,남,28세,상해없음,승용,남,67세,경상
뺑소니사고,2021080100100155,2021년 8월 1일 13시,일요일,부산광역시 동래구 안락동,경상사고,0,0,1,0,차대차 - 기타,안전운전불이행,건조,맑음,단일로 - 기타,승용,여,61세,상해없음,승합,남,63세,경상
뺑소니사고,2021080100100325,2021년 8월 1일 19시,일요일,부산광역시 부산진구 부전동,경상사고,0,0,1,0,차대차 - 추돌,신호위반,건조,맑음,교차로 - 교차로부근,이륜,남,22세,상해없음,이륜,남,56세,경상
뺑소니사고,2021080200100265,2021년 8월 2일 14시,월요일,부산광역시 기장군 기장읍,경상사고,0,0,1,0,차대차 - 기타,안전운전불이행,건조,맑음,교차로 - 교차로안,화물,남,77세,기타불명,승용,여,58세,경상
뺑소니사고,2021080200100376,2021년 8월 2일 17시,월요일,부산광역시 사상구 삼락동,경상사고,0,0,3,0,차대차 - 기타,안전거리미확보,건조,맑음,단일로 - 기타,승용,남,72세,상해없음,승용,여,32세,경상
뺑소니사고,2021080400100484,2021년 8월 4일 19시,수요일,부산광역시 부산진구 가야동,경상사고,0,0,1,0,차대차 - 추돌,안전운전불이행,건조,맑음,단일로 - 기타,승용,남,62세,상해없음,승용,남,37세,상해없음
뺑소니사고,2021080500100214,2021년 8월 5일 12시,목요일,부산광역시 북구 만덕동,경상사고,0,0,1,0,차대사람 - 횡단중,보행자보호의무위반,건조,맑음,단일로 - 기타,이륜,남,24세,상해없음,보행자,남,9세,경상
뺑소니사고,2021080500100405,2021년 8월 5일 17시,목요일,부산광역시 부산진구 전포동,경상사고,0,0,1,0,차대사람 - 기타,안전운전불이행,건조,맑음,단일로 - 기타,승용,남,73세,상해없음,보행자,여,16세,경상
뺑소니사고,2021080800100329,2021년 8월 8일 19시,일요일,부산광역시 연제구 거제동,경상사고,0,0,4,0,차대차 - 후진중충돌,안전운전불이행,건조,맑음,단일로 - 기타,승용,남,61세,상해없음,화물,남,78세,경상
뺑소니사고,2021080900100014,2021년 8월 9일 04시,월요일,부산광역시 강서구 송정동,중상사고,0,1,0,0,차대차 - 정면충돌,중앙선침범,건조,맑음,교차로 - 교차로안,승용,남,28세,상해없음,승용,남,77세,중상
뺑소니사고,2021080900100371,2021년 8월 9일 16시,월요일,부산광역시 강서구 강동동,경상사고,0,0,1,0,차대차 - 기타,안전운전불이행,건조,맑음,교차로 - 교차로안,승용,남,64세,상해없음,승용,남,74세,경상
뺑소니사고,2021080900100414,2021년 8월 9일 17시,월요일,부산광역시 부산진구 부전동,경상사고,0,0,1,0,차대차 - 측면충돌,교차로운행방법위반,건조,맑음,교차로 - 교차로안,승용,남,28세,상해없음,승용,여,31세,경상
뺑소니사고,2021081000100472,2021년 8월 10일 20시,화요일,부산광역시 사상구 감전동,경상사고,0,0,1,0,차대차 - 측면충돌,안전거리미확보,건조,맑음,단일로 - 기타,승용,남,35세,상해없음,승용,남,28세,경상
뺑소니사고,2021081100100195,2021년 8월 11일 12시,수요일,부산광역시 부산진구 부전동,경상사고,0,0,1,0,차대사람 - 기타,안전운전불이행,건조,맑음,교차로 - 교차로부근,승용,남,69세,상해없음,보행자,여,23세,경상
뺑소니사고,2021081400100225,2021년 8월 14일 14시,토요일,부산광역시 금정구 장전동,경상사고,0,0,1,0,차대사람 - 기타,안전운전불이행,건조,맑음,단일로 - 기타,승용,남,22세,상해없음,보행자,여,29세,경상
뺑소니사고,2021081700100064,2021년 8월 17일 08시,화요일,부산광역시 북구 화명동,경상사고,0,0,1,0,차대차 - 기타,안전운전불이행,건조,맑음,단일로 - 기타,화물,남,66세,상해없음,이륜,남,46세,경상
뺑소니사고,2021081700100272,2021년 8월 17일 14시,화요일,부산광역시 부산진구 범천동,경상사고,0,0,1,0,차대차 - 측면충돌,안전거리미확보,건조,맑음,교차로 - 교차로부근,승용,남,84세,상해없음,승용,여,36세,경상
뺑소니사고,2021081900100131,2021년 8월 19일 10시,목요일,부산광역시 부산진구 범전동,경상사고,0,0,1,0,차대차 - 추돌,안전운전불이행,건조,맑음,단일로 - 기타,이륜,남,59세,상해없음,승용,남,57세,경상
뺑소니사고,2021081900100246,2021년 8월 19일 13시,목요일,부산광역시 부산진구 부암동,경상사고,0,0,2,0,차대차 - 측면충돌,교차로운행방법위반,건조,맑음,교차로 - 교차로부근,승용,남,70세,상해없음,승용,여,31세,경상
뺑소니사고,2021082200100042,2021년 8월 22일 07시,일요일,부산광역시 금정구 장전동,경상사고,0,0,2,0,차대차 - 기타,안전운전불이행,건조,맑음,교차로 - 교차로부근,승용,남,60세,상해없음,승용,여,24세,경상
뺑소니사고,2021082200100196,2021년 8월 22일 15시,일요일,부산광역시 사상구 주례동,경상사고,0,0,1,0,차대차 - 측면충돌,안전운전불이행,건조,맑음,교차로 - 교차로안,승용,남,47세,상해없음,자전거,남,39세,경상
뺑소니사고,2021082400100202,2021년 8월 24일 13시,화요일,부산광역시 부산진구 연지동,경상사고,0,0,1,0,차대사람 - 기타,안전운전불이행,젖음/습기,비,단일로 - 기타,승용,남,64세,상해없음,보행자,여,25세,경상
뺑소니사고,2021082400100377,2021년 8월 24일 18시,화요일,부산광역시 부산진구 범천동,경상사고,0,0,1,0,차대사람 - 기타,안전운전불이행,건조,맑음,교차로 - 교차로부근,승용,여,48세,상해없음,보행자,여,23세,경상
뺑소니사고,2021082500100069,2021년 8월 25일 08시,수요일,부산광역시 강서구 대저1동,경상사고,0,0,1,0,차대차 - 기타,안전운전불이행,젖음/습기,비,단일로 - 기타,화물,남,81세,상해없음,승용,여,31세,경상
뺑소니사고,2021082800100057,2021년 8월 28일 07시,토요일,부산광역시 사상구 괘법동,경상사고,0,0,1,0,차대차 - 기타,안전운전불이행,젖음/습기,흐림,교차로 - 교차로안,승용,남,58세,상해없음,자전거,여,36세,경상
뺑소니사고,2.02108E+15,2021년 8월 28일 11시,토요일,부산광역시 사상구 덕포동,경상사고,0,0,1,0,차대차 - 기타,신호위반,건조,맑음,교차로 - 교차로안,승용,남,49세,상해없음,자전거,남,67세,경상
뺑소니사고,2021082800100208,2021년 8월 28일 13시,토요일,부산광역시 금정구 구서동,경상사고,0,0,1,0,차대차 - 기타,안전운전불이행,건조,맑음,기타 - 기타,승용,남,42세,상해없음,승용,남,39세,경상
뺑소니사고,2021083000100027,2021년 8월 30일 06시,월요일,부산광역시 금정구 남산동,경상사고,0,0,2,0,차대차 - 추돌,안전운전불이행,건조,맑음,기타 - 기타,승용,남,23세,상해없음,승용,남,61세,경상
뺑소니사고,2021083000100151,2021년 8월 30일 11시,월요일,부산광역시 해운대구 중동,경상사고,0,0,1,0,차대사람 - 기타,안전운전불이행,건조,맑음,교차로 - 교차로안,승용,남,29세,상해없음,보행자,여,61세,경상
뺑소니사고,2021083000100198,2021년 8월 30일 12시,월요일,부산광역시 사상구 괘법동,경상사고,0,0,1,0,차대사람 - 차도통행중,안전운전불이행,건조,맑음,교차로 - 교차로안,승합,남,57세,상해없음,보행자,남,35세,경상
뺑소니사고,2021083000100531,2021년 8월 30일 22시,월요일,부산광역시 북구 구포동,경상사고,0,0,1,0,차대사람 - 횡단중,신호위반,젖음/습기,흐림,단일로 - 기타,이륜,남,15세,상해없음,보행자,여,51세,경상
뺑소니사고,2021083000100532,2021년 8월 30일 22시,월요일,부산광역시 해운대구 우동,경상사고,0,0,1,0,차대차 - 추돌,안전운전불이행,젖음/습기,비,교차로 - 교차로부근,승용,여,37세,상해없음,승용,남,73세,경상
뺑소니사고,2021083100100019,2021년 8월 31일 03시,화요일,부산광역시 동래구 온천동,경상사고,0,0,1,0,차대차 - 추돌,안전운전불이행,건조,맑음,교차로 - 교차로부근,승용,여,45세,상해없음,승용,남,28세,경상
뺑소니사고,2021090100100279,2021년 9월 1일 15시,수요일,부산광역시 해운대구 우동,경상사고,0,0,2,0,차대차 - 추돌,안전운전불이행,건조,맑음,교차로 - 교차로부근,승용,여,68세,상해없음,승용,남,49세,경상
뺑소니사고,2021090100100343,2021년 9월 1일 17시,수요일,부산광역시 부산진구 초읍동,경상사고,0,0,1,0,차대사람 - 기타,안전운전불이행,건조,맑음,단일로 - 기타,승용,남,35세,상해없음,보행자,남,59세,경상
뺑소니사고,2021090200100266,2021년 9월 2일 15시,목요일,부산광역시 사상구 주례동,경상사고,0,0,1,0,차대사람 - 횡단중,안전운전불이행,건조,맑음,단일로 - 기타,승용,남,37세,상해없음,보행자,여,8세,경상
뺑소니사고,2021090500100383,2021년 9월 5일 21시,일요일,부산광역시 영도구 대교동2가,경상사고,0,0,1,0,차대사람 - 길가장자리구역통행중,안전운전불이행,건조,맑음,단일로 - 기타,승용,남,69세,기타불명,보행자,여,48세,경상
뺑소니사고,2021090600100004,2021년 9월 6일 00시,월요일,부산광역시 남구 대연동,중상사고,0,1,0,0,차대차 - 기타,안전운전불이행,건조,맑음,교차로 - 교차로안,이륜,남,24세,상해없음,이륜,남,52세,중상
뺑소니사고,2021090600100034,2021년 9월 6일 06시,월요일,부산광역시 사상구 학장동,경상사고,0,0,1,0,차대사람 - 횡단중,보행자보호의무위반,건조,흐림,교차로 - 교차로부근,승용,여,26세,상해없음,보행자,여,53세,경상
뺑소니사고,2021090600100078,2021년 9월 6일 08시,월요일,부산광역시 부산진구 연지동,경상사고,0,0,1,0,차대사람 - 기타,기타,건조,맑음,단일로 - 기타,승용,남,42세,상해없음,보행자,여,7세,경상
뺑소니사고,2021090700100561,2021년 9월 7일 22시,화요일,부산광역시 수영구 남천동,경상사고,0,0,3,0,차대차 - 추돌,안전운전불이행,건조,맑음,단일로 - 기타,승용,남,48세,상해없음,승용,남,40세,경상
뺑소니사고,2021090800100443,2021년 9월 8일 17시,수요일,부산광역시 부산진구 개금동,경상사고,0,0,1,0,차대사람 - 기타,안전운전불이행,건조,맑음,단일로 - 기타,승용,남,60세,기타불명,보행자,여,21세,경상
뺑소니사고,2.02109E+15,2021년 9월 8일 22시,수요일,부산광역시 부산진구 개금동,경상사고,0,0,4,0,차대차 - 기타,신호위반,건조,맑음,교차로 - 교차로안,승용,남,51세,상해없음,승용,남,59세,경상
뺑소니사고,2021090900100177,2021년 9월 9일 11시,목요일,부산광역시 부산진구 당감동,경상사고,0,0,1,0,차대사람 - 보도통행중,기타,건조,맑음,단일로 - 기타,이륜,남,74세,상해없음,보행자,여,27세,경상
뺑소니사고,2021091000100182,2021년 9월 10일 11시,금요일,부산광역시 금정구 부곡동,경상사고,0,0,1,0,차대차 - 정면충돌,안전운전불이행,건조,맑음,기타 - 기타,승용,여,48세,상해없음,승용,남,44세,경상
뺑소니사고,2.02109E+15,2021년 9월 10일 13시,금요일,부산광역시 동구 초량동,경상사고,0,0,3,0,차대차 - 기타,안전거리미확보,건조,맑음,단일로 - 기타,승용,여,26세,상해없음,승용,여,39세,경상
뺑소니사고,2021091000100593,2021년 9월 10일 21시,금요일,부산광역시 부산진구 가야동,경상사고,0,0,1,0,차대차 - 측면충돌,신호위반,건조,맑음,교차로 - 교차로부근,이륜,남,26세,상해없음,승용,여,59세,경상
뺑소니사고,2021091100100162,2021년 9월 11일 11시,토요일,부산광역시 부산진구 부전동,경상사고,0,0,1,0,차대차 - 기타,중앙선침범,건조,맑음,단일로 - 기타,승용,여,49세,상해없음,개인형이동수단(PM),남,29세,경상
뺑소니사고,2021091100100629,2021년 9월 11일 21시,토요일,부산광역시 사상구 주례동,경상사고,0,0,4,0,차대차 - 정면충돌,중앙선침범,건조,맑음,교차로 - 교차로부근,승용,남,56세,상해없음,승용,남,38세,경상
뺑소니사고,2021091200100143,2021년 9월 12일 13시,일요일,부산광역시 부산진구 부전동,경상사고,0,0,1,0,차대차 - 추돌,안전운전불이행,건조,맑음,단일로 - 기타,승용,남,26세,상해없음,승용,남,61세,경상
뺑소니사고,2021091200100179,2021년 9월 12일 14시,일요일,부산광역시 중구 남포동6가,경상사고,0,0,1,0,차대차 - 추돌,안전운전불이행,건조,맑음,단일로 - 기타,승용,남,67세,상해없음,이륜,남,35세,경상
뺑소니사고,2021091200100286,2021년 9월 12일 17시,일요일,부산광역시 북구 화명동,경상사고,0,0,2,1,차대차 - 기타,안전운전불이행,건조,맑음,단일로 - 기타,이륜,남,18세,부상신고,승용,남,40세,경상
뺑소니사고,2021091200100395,2021년 9월 12일 20시,일요일,부산광역시 동래구 명장동,중상사고,0,1,0,0,차대차 - 기타,신호위반,건조,맑음,교차로 - 교차로안,이륜,남,16세,상해없음,이륜,남,48세,중상
뺑소니사고,2021091300100328,2021년 9월 13일 14시,월요일,부산광역시 금정구 부곡동,경상사고,0,0,2,0,차대차 - 측면충돌,안전운전불이행,건조,맑음,단일로 - 기타,건설기계,남,58세,상해없음,승용,남,21세,경상
뺑소니사고,2021091400100391,2021년 9월 14일 15시,화요일,부산광역시 부산진구 부전동,중상사고,0,1,0,0,차대사람 - 차도통행중,안전운전불이행,젖음/습기,비,단일로 - 기타,승용,남,64세,상해없음,보행자,여,65세,중상
뺑소니사고,2021091400100392,2021년 9월 14일 15시,화요일,부산광역시 부산진구 부전동,중상사고,0,1,1,0,차대차 - 기타,안전거리미확보,젖음/습기,비,단일로 - 기타,승용,남,63세,상해없음,승용,여,30세,경상
뺑소니사고,2.02109E+15,2021년 9월 15일 14시,수요일,부산광역시 부산진구 당감동,경상사고,0,0,1,0,차대사람 - 기타,보행자보호의무위반,건조,맑음,단일로 - 기타,승용,남,70세,상해없음,보행자,여,8세,경상
뺑소니사고,2021091500100504,2021년 9월 15일 17시,수요일,부산광역시 부산진구 부전동,경상사고,0,0,1,0,차대사람 - 횡단중,안전운전불이행,건조,맑음,단일로 - 기타,승용,여,25세,상해없음,보행자,여,20세,경상
뺑소니사고,2.02109E+15,2021년 9월 16일 18시,목요일,부산광역시 부산진구 양정동,경상사고,0,0,1,0,차대차 - 측면충돌,안전운전불이행,건조,맑음,단일로 - 기타,승용,남,53세,상해없음,승용,남,41세,경상
뺑소니사고,2021091700100471,2021년 9월 17일 16시,금요일,부산광역시 연제구 거제동,중상사고,0,1,0,0,차대차 - 기타,신호위반,건조,맑음,단일로 - 기타,화물,여,59세,상해없음,승용,남,61세,중상
뺑소니사고,2021091700100777,2021년 9월 17일 22시,금요일,부산광역시 사상구 엄궁동,중상사고,0,1,3,0,차대차 - 추돌,안전운전불이행,건조,맑음,교차로 - 교차로부근,승용,남,37세,상해없음,승용,남,37세,경상
뺑소니사고,2021091800100588,2021년 9월 18일 20시,토요일,부산광역시 강서구 명지동,경상사고,0,0,1,0,차대차 - 기타,안전운전불이행,건조,맑음,단일로 - 기타,승용,여,39세,상해없음,승용,남,54세,경상
뺑소니사고,2.02109E+15,2021년 9월 18일 22시,토요일,부산광역시 강서구 강동동,중상사고,0,1,0,0,차대차 - 추돌,안전운전불이행,건조,맑음,단일로 - 기타,승용,남,39세,상해없음,승용,여,50세,중상
뺑소니사고,2021091900100008,2021년 9월 19일 01시,일요일,부산광역시 해운대구 중동,경상사고,0,0,2,0,차대차 - 측면충돌,신호위반,건조,맑음,단일로 - 기타,승용,남,35세,상해없음,승용,남,42세,상해없음
뺑소니사고,2021091900100423,2021년 9월 19일 21시,일요일,부산광역시 동구 좌천동,경상사고,0,0,1,0,차대사람 - 기타,안전운전불이행,건조,맑음,단일로 - 기타,승용,여,49세,상해없음,보행자,남,62세,경상
뺑소니사고,2.02109E+15,2021년 9월 21일 18시,화요일,부산광역시 해운대구 좌동,중상사고,0,1,0,0,차대차 - 기타,안전거리미확보,젖음/습기,흐림,교차로 - 교차로부근,승용,남,66세,상해없음,이륜,남,40세,중상
뺑소니사고,2021092200100139,2021년 9월 22일 13시,수요일,부산광역시 남구 문현동,중상사고,0,1,0,0,차대사람 - 횡단중,안전운전불이행,젖음/습기,비,교차로 - 교차로부근,승용,남,86세,상해없음,보행자,남,56세,중상
뺑소니사고,2021092300100045,2021년 9월 23일 07시,목요일,부산광역시 금정구 장전동,경상사고,0,0,1,0,차대차 - 기타,안전운전불이행,건조,맑음,교차로 - 교차로안,이륜,남,26세,상해없음,승용,남,42세,경상
뺑소니사고,2021092300100326,2021년 9월 23일 15시,목요일,부산광역시 사상구 주례동,경상사고,0,0,1,0,차대사람 - 차도통행중,안전운전불이행,건조,맑음,단일로 - 기타,승용,남,63세,상해없음,보행자,여,19세,경상
뺑소니사고,2021092300100405,2021년 9월 23일 17시,목요일,부산광역시 금정구 두구동,경상사고,0,0,1,0,차대사람 - 기타,기타,건조,맑음,단일로 - 기타,승합,남,66세,상해없음,보행자,남,29세,경상
뺑소니사고,2021092300100446,2021년 9월 23일 18시,목요일,부산광역시 부산진구 부전동,경상사고,0,0,1,0,차대사람 - 기타,안전운전불이행,건조,맑음,단일로 - 기타,승용,남,20세,상해없음,보행자,남,23세,경상
뺑소니사고,2021092500100198,2021년 9월 25일 14시,토요일,부산광역시 강서구 강동동,경상사고,0,0,1,0,차대사람 - 기타,안전운전불이행,건조,맑음,단일로 - 기타,승용,여,59세,상해없음,보행자,여,66세,경상
뺑소니사고,2021092500100297,2021년 9월 25일 17시,토요일,부산광역시 해운대구 반여동,경상사고,0,0,2,0,차대차 - 측면충돌,교차로운행방법위반,건조,맑음,교차로 - 교차로안,승용,여,53세,상해없음,승용,남,29세,경상
뺑소니사고,2021092600100024,2021년 9월 26일 04시,일요일,부산광역시 사상구 괘법동,경상사고,0,0,2,0,차대사람 - 기타,안전운전불이행,건조,맑음,단일로 - 기타,이륜,남,22세,상해없음,보행자,여,66세,경상
뺑소니사고,2021092600100385,2021년 9월 26일 22시,일요일,부산광역시 부산진구 부전동,경상사고,0,0,1,0,차대사람 - 기타,기타,건조,맑음,단일로 - 기타,승용,남,22세,상해없음,보행자,남,21세,경상
뺑소니사고,2021092800100463,2021년 9월 28일 19시,화요일,부산광역시 해운대구 좌동,중상사고,0,1,0,0,차대차 - 추돌,안전운전불이행,건조,맑음,교차로 - 교차로부근,승용,남,47세,상해없음,화물,남,41세,중상
뺑소니사고,2021092900100276,2021년 9월 29일 14시,수요일,부산광역시 금정구 금사동,경상사고,0,0,1,0,차대차 - 기타,안전운전불이행,건조,맑음,기타 - 기타,이륜,여,53세,상해없음,승용,여,30세,경상
뺑소니사고,2021092900100528,2021년 9월 29일 20시,수요일,부산광역시 동래구 온천동,경상사고,0,0,1,0,차대차 - 정면충돌,안전운전불이행,젖음/습기,비,교차로 - 교차로부근,승용,여,59세,상해없음,승용,여,28세,경상
뺑소니사고,2021092900100531,2021년 9월 29일 20시,수요일,부산광역시 사상구 감전동,경상사고,0,0,2,1,차대차 - 기타,안전거리미확보,젖음/습기,비,단일로 - 기타,특수,남,47세,상해없음,승용,여,60세,경상
뺑소니사고,2021093000100501,2021년 9월 30일 18시,목요일,부산광역시 사상구 감전동,경상사고,0,0,1,0,차대사람 - 차도통행중,안전운전불이행,건조,맑음,단일로 - 기타,승용,남,30세,상해없음,보행자,여,37세,경상
뺑소니사고,2021100100100558,2021년 10월 1일 19시,금요일,부산광역시 강서구 강동동,경상사고,0,0,11,0,차대차 - 기타,안전운전불이행,건조,맑음,단일로 - 기타,특수,남,51세,상해없음,승용,여,51세,경상
뺑소니사고,2021100100100698,2021년 10월 1일 23시,금요일,부산광역시 중구 영주동,경상사고,0,0,1,0,차대차 - 측면충돌,안전거리미확보,건조,맑음,기타 - 기타,이륜,남,21세,상해없음,이륜,남,28세,경상
뺑소니사고,2021100200100113,2021년 10월 2일 10시,토요일,부산광역시 동구 초량동,경상사고,0,0,3,0,차대차 - 측면충돌,안전운전불이행,건조,맑음,교차로 - 교차로부근,승용,남,29세,상해없음,승용,남,42세,경상
뺑소니사고,2021100200100203,2021년 10월 2일 12시,토요일,부산광역시 금정구 금성동,경상사고,0,0,1,0,차대차 - 측면충돌,안전운전불이행,건조,맑음,기타 - 기타,승용,남,68세,상해없음,이륜,남,31세,경상
뺑소니사고,2.0211E+15,2021년 10월 2일 13시,토요일,부산광역시 금정구 구서동,부상신고사고,0,0,0,1,차대차 - 기타,안전운전불이행,건조,맑음,단일로 - 기타,승용,여,45세,상해없음,자전거,남,35세,부상신고
뺑소니사고,2021100200100251,2021년 10월 2일 13시,토요일,부산광역시 기장군 기장읍,경상사고,0,0,1,0,차대차 - 측면충돌,안전운전불이행,건조,맑음,단일로 - 고가도로위,승용,남,72세,상해없음,승용,남,49세,경상
뺑소니사고,2.0211E+15,2021년 10월 2일 16시,토요일,부산광역시 사하구 감천동,중상사고,0,1,0,0,차대차 - 기타,안전운전불이행,건조,맑음,단일로 - 기타,승용,남,70세,상해없음,이륜,남,38세,중상
뺑소니사고,2021100200100503,2021년 10월 2일 19시,토요일,부산광역시 부산진구 양정동,중상사고,0,1,0,0,차대차 - 추돌,안전운전불이행,건조,맑음,단일로 - 기타,화물,남,62세,상해없음,승용,남,38세,중상
뺑소니사고,2021100200100568,2021년 10월 2일 21시,토요일,부산광역시 부산진구 양정동,중상사고,0,1,1,0,차대차 - 추돌,안전운전불이행,건조,맑음,교차로 - 교차로부근,승용,남,50세,상해없음,승용,여,28세,경상
뺑소니사고,2021100200100589,2021년 10월 2일 22시,토요일,부산광역시 서구 충무동1가,중상사고,0,1,0,0,차대사람 - 길가장자리구역통행중,안전운전불이행,건조,맑음,단일로 - 기타,승용,남,30세,상해없음,보행자,남,53세,중상
뺑소니사고,2021100300100085,2021년 10월 3일 10시,일요일,부산광역시 부산진구 범천동,경상사고,0,0,1,0,차대차 - 측면충돌,신호위반,건조,맑음,교차로 - 교차로안,승용,남,23세,기타불명,승용,남,37세,경상
뺑소니사고,2021100400100069,2021년 10월 4일 09시,월요일,부산광역시 북구 구포동,경상사고,0,0,1,0,차대차 - 추돌,안전운전불이행,건조,맑음,교차로 - 교차로부근,이륜,남,20세,상해없음,승용,남,66세,경상
뺑소니사고,2021100400100474,2021년 10월 4일 22시,월요일,부산광역시 연제구 연산동,경상사고,0,0,4,0,차대차 - 추돌,안전운전불이행,건조,맑음,단일로 - 기타,승용,남,27세,상해없음,승용,남,43세,경상
뺑소니사고,2021100700100248,2021년 10월 7일 13시,목요일,부산광역시 사상구 모라동,경상사고,0,0,1,0,차대사람 - 횡단중,보행자보호의무위반,건조,맑음,교차로 - 교차로부근,화물,남,35세,상해없음,보행자,남,67세,경상