사고부문,사고번호,사고일시,요일,시군구,사고내용,사망자수,중상자수,경상자수,부상신고자수,사고유형,법규위반,노면상태,기상상태,도로형태,가해운전자 차종,가해운전자 성별,가해운전자 연령,가해운전자 상해정도,피해운전자 차종,피해운전자 성별,피해운전자 연령,피해운전자 상해정도
뺑소니사고,2021100900100016,2021년 10월 9일 02시,토요일,부산광역시 사상구 학장동,사망사고,1,0,0,0,차대사람 - 기타,안전운전불이행,건조,맑음,단일로 - 기타,승용,남,27세,상해없음,보행자,남,41세,사망
뺑소니사고,2021100900100105,2021년 10월 9일 11시,토요일,부산광역시 부산진구 범천동,경상사고,0,0,1,0,차대사람 - 기타,안전운전불이행,젖음/습기,비,단일로 - 기타,화물,남,52세,상해없음,보행자,남,81세,경상
뺑소니사고,2021101000100106,2021년 10월 10일 11시,일요일,부산광역시 사상구 모라동,경상사고,0,0,1,0,차대차 - 정면충돌,안전운전불이행,건조,맑음,교차로 - 교차로안,승용,남,40세,상해없음,이륜,남,71세,상해없음
뺑소니사고,2021101100100009,2021년 10월 11일 01시,월요일,부산광역시 해운대구 우동,경상사고,0,0,1,0,차대차 - 추돌,안전운전불이행,건조,맑음,교차로 - 교차로안,승용,남,43세,상해없음,승용,남,64세,경상
뺑소니사고,2021101100100361,2021년 10월 11일 18시,월요일,부산광역시 연제구 연산동,경상사고,0,0,1,0,차대차 - 추돌,안전운전불이행,젖음/습기,비,단일로 - 기타,승용,남,75세,상해없음,이륜,남,24세,경상
뺑소니사고,2021101200100081,2021년 10월 12일 08시,화요일,부산광역시 사상구 괘법동,경상사고,0,0,1,0,차대사람 - 기타,안전운전불이행,건조,맑음,단일로 - 기타,승용,남,62세,상해없음,보행자,남,53세,경상
뺑소니사고,2021101200100158,2021년 10월 12일 10시,화요일,부산광역시 부산진구 부전동,경상사고,0,0,1,0,차대사람 - 기타,안전운전불이행,건조,맑음,단일로 - 기타,승용,남,55세,상해없음,보행자,남,26세,경상
뺑소니사고,2021101200100552,2021년 10월 12일 22시,화요일,부산광역시 동구 범일동,중상사고,0,1,0,0,차대사람 - 횡단중,보행자보호의무위반,건조,맑음,교차로 - 교차로부근,승용,여,40세,상해없음,보행자,여,59세,중상
뺑소니사고,2021101300100276,2021년 10월 13일 14시,수요일,부산광역시 부산진구 가야동,경상사고,0,0,1,0,차대사람 - 횡단중,보행자보호의무위반,건조,맑음,교차로 - 교차로부근,승용,남,76세,상해없음,보행자,여,54세,경상
뺑소니사고,2021101400100003,2021년 10월 14일 00시,목요일,부산광역시 사상구 모라동,중상사고,0,1,0,0,차대차 - 기타,교차로운행방법위반,건조,맑음,교차로 - 교차로부근,승합,남,58세,상해없음,자전거,여,26세,중상
뺑소니사고,2021101400100245,2021년 10월 14일 12시,목요일,부산광역시 사상구 덕포동,중상사고,0,1,0,0,차대차 - 기타,신호위반,건조,맑음,교차로 - 교차로안,승용,남,72세,상해없음,화물,남,48세,상해없음
뺑소니사고,2021101400100284,2021년 10월 14일 13시,목요일,부산광역시 금정구 부곡동,경상사고,0,0,2,0,차대사람 - 기타,신호위반,건조,맑음,교차로 - 교차로안,승용,여,72세,상해없음,보행자,여,10세,경상
뺑소니사고,2021101600100223,2021년 10월 16일 13시,토요일,부산광역시 금정구 구서동,경상사고,0,0,1,0,차대사람 - 기타,안전운전불이행,젖음/습기,비,단일로 - 기타,승용,여,54세,상해없음,보행자,남,16세,경상
뺑소니사고,2021101600100347,2021년 10월 16일 17시,토요일,부산광역시 중구 남포동5가,경상사고,0,0,1,0,차대사람 - 보도통행중,기타,건조,맑음,단일로 - 기타,이륜,기타불명,미분류,기타불명,보행자,남,57세,경상
뺑소니사고,2021101700100005,2021년 10월 17일 00시,일요일,부산광역시 영도구 청학동,경상사고,0,0,1,0,차대차 - 측면충돌,중앙선침범,건조,맑음,단일로 - 기타,승용,남,34세,상해없음,이륜,남,20세,경상
뺑소니사고,2.0211E+15,2021년 10월 17일 20시,일요일,부산광역시 금정구 부곡동,경상사고,0,0,1,0,차대차 - 기타,안전운전불이행,건조,맑음,기타 - 기타,승용,남,33세,상해없음,이륜,남,26세,경상
뺑소니사고,2021101700100382,2021년 10월 17일 20시,일요일,부산광역시 사상구 감전동,경상사고,0,0,2,0,차대차 - 추돌,안전운전불이행,건조,맑음,단일로 - 기타,승용,남,55세,상해없음,승용,남,33세,경상
뺑소니사고,2021101800100664,2021년 10월 18일 22시,월요일,부산광역시 사상구 모라동,중상사고,0,1,0,0,차대차 - 추돌,안전운전불이행,건조,맑음,단일로 - 기타,승용,남,29세,상해없음,승용,남,69세,중상
뺑소니사고,2.0211E+15,2021년 10월 19일 21시,화요일,부산광역시 사상구 모라동,경상사고,0,0,1,0,차대사람 - 기타,기타,건조,맑음,단일로 - 기타,이륜,남,17세,상해없음,보행자,여,62세,경상
뺑소니사고,2021102100100038,2021년 10월 21일 06시,목요일,부산광역시 부산진구 전포동,경상사고,0,0,1,0,차대차 - 측면충돌,안전거리미확보,건조,맑음,교차로 - 교차로안,화물,남,54세,상해없음,승용,여,58세,경상
뺑소니사고,2021102200100003,2021년 10월 22일 00시,금요일,부산광역시 사상구 주례동,경상사고,0,0,1,0,차대차 - 추돌,안전운전불이행,건조,맑음,단일로 - 기타,이륜,남,29세,상해없음,이륜,남,21세,경상
뺑소니사고,2021102200100122,2021년 10월 22일 09시,금요일,부산광역시 부산진구 부전동,경상사고,0,0,1,0,차대사람 - 기타,안전운전불이행,건조,맑음,단일로 - 기타,승용,여,45세,상해없음,보행자,여,20세,경상
뺑소니사고,2.0211E+15,2021년 10월 22일 21시,금요일,부산광역시 연제구 연산동,경상사고,0,0,1,0,차대사람 - 횡단중,신호위반,건조,맑음,교차로 - 교차로횡단보도내,이륜,남,24세,상해없음,보행자,남,28세,경상
뺑소니사고,2.0211E+15,2021년 10월 22일 23시,금요일,부산광역시 북구 구포동,경상사고,0,0,1,0,차대차 - 측면충돌,신호위반,건조,맑음,교차로 - 교차로부근,이륜,남,17세,상해없음,승용,남,67세,경상
뺑소니사고,2021102300100005,2021년 10월 23일 00시,토요일,부산광역시 동래구 명륜동,경상사고,0,0,3,0,차대차 - 기타,안전운전불이행,건조,맑음,단일로 - 기타,이륜,남,32세,상해없음,승용,여,32세,경상
뺑소니사고,2021102400100075,2021년 10월 24일 09시,일요일,부산광역시 부산진구 부전동,경상사고,0,0,1,0,차대사람 - 횡단중,신호위반,건조,맑음,교차로 - 교차로부근,승용,남,32세,기타불명,보행자,여,24세,경상
뺑소니사고,2021102400100224,2021년 10월 24일 14시,일요일,부산광역시 부산진구 부전동,경상사고,0,0,1,0,차대사람 - 차도통행중,안전운전불이행,건조,맑음,단일로 - 기타,승용,남,62세,상해없음,보행자,남,30세,경상
뺑소니사고,2021102400100253,2021년 10월 24일 15시,일요일,부산광역시 부산진구 부전동,경상사고,0,0,1,0,차대차 - 측면충돌,안전거리미확보,건조,맑음,교차로 - 교차로안,이륜,남,60세,상해없음,승합,남,54세,상해없음
뺑소니사고,2021102500100575,2021년 10월 25일 20시,월요일,부산광역시 강서구 대저1동,중상사고,0,1,0,0,차대차 - 측면충돌,신호위반,건조,맑음,교차로 - 교차로안,승용,남,64세,기타불명,승용,남,51세,중상
뺑소니사고,2021102600100003,2021년 10월 26일 00시,화요일,부산광역시 사하구 하단동,경상사고,0,0,2,0,차대차 - 측면충돌,신호위반,건조,맑음,교차로 - 교차로안,이륜,남,17세,상해없음,승용,남,69세,상해없음
뺑소니사고,2021102600100347,2021년 10월 26일 16시,화요일,부산광역시 금정구 부곡동,경상사고,0,0,1,0,차대차 - 측면충돌,안전운전불이행,건조,맑음,교차로 - 교차로안,승용,여,40세,상해없음,승용,남,62세,경상
뺑소니사고,2021102600100349,2021년 10월 26일 16시,화요일,부산광역시 사하구 장림동,경상사고,0,0,1,0,차대차 - 기타,기타,건조,맑음,교차로 - 교차로부근,승용,남,63세,상해없음,승용,여,48세,경상
뺑소니사고,2021102600100581,2021년 10월 26일 22시,화요일,부산광역시 동구 범일동,경상사고,0,0,1,0,차대사람 - 길가장자리구역통행중,안전운전불이행,건조,맑음,단일로 - 기타,승용,남,64세,상해없음,보행자,여,51세,경상
뺑소니사고,2021102600100582,2021년 10월 26일 22시,화요일,부산광역시 사상구 감전동,경상사고,0,0,2,0,차대차 - 기타,안전운전불이행,건조,맑음,기타 - 기타,승용,여,24세,상해없음,승용,남,39세,경상
뺑소니사고,2021102700100423,2021년 10월 27일 18시,수요일,부산광역시 금정구 서동,경상사고,0,0,1,0,차대차 - 정면충돌,중앙선침범,건조,맑음,단일로 - 기타,원동기,남,41세,상해없음,원동기,남,49세,경상
뺑소니사고,2021103000100218,2021년 10월 30일 13시,토요일,부산광역시 영도구 동삼동,경상사고,0,0,1,0,차대사람 - 보도통행중,보행자보호의무위반,건조,맑음,단일로 - 기타,승용,남,54세,상해없음,보행자,여,12세,경상
뺑소니사고,2021110100100032,2021년 11월 1일 05시,월요일,부산광역시 금정구 구서동,부상신고사고,0,0,0,1,차대차 - 추돌,안전운전불이행,건조,맑음,단일로 - 기타,승용,남,31세,상해없음,승용,남,72세,부상신고
뺑소니사고,2021110100100085,2021년 11월 1일 08시,월요일,부산광역시 부산진구 전포동,경상사고,0,0,1,0,차대사람 - 길가장자리구역통행중,기타,건조,맑음,기타 - 기타,승용,남,72세,상해없음,보행자,남,11세,경상
뺑소니사고,2021110200100019,2021년 11월 2일 01시,화요일,부산광역시 해운대구 우동,경상사고,0,0,1,0,차대차 - 추돌,안전운전불이행,건조,맑음,단일로 - 기타,승용,남,65세,상해없음,승용,여,55세,경상
뺑소니사고,2021110200100134,2021년 11월 2일 09시,화요일,부산광역시 수영구 민락동,경상사고,0,0,1,0,차대차 - 기타,신호위반,건조,맑음,교차로 - 교차로부근,승용,남,30세,상해없음,자전거,여,25세,경상
뺑소니사고,2021110200100328,2021년 11월 2일 15시,화요일,부산광역시 부산진구 가야동,경상사고,0,0,1,0,차대차 - 측면충돌,신호위반,건조,맑음,교차로 - 교차로안,승용,남,78세,상해없음,승용,남,73세,경상
뺑소니사고,2021110300100041,2021년 11월 3일 06시,수요일,부산광역시 부산진구 범천동,중상사고,0,1,1,0,차대차 - 측면충돌,안전운전불이행,건조,맑음,교차로 - 교차로안,화물,남,44세,상해없음,승용,여,47세,경상
뺑소니사고,2021110300100059,2021년 11월 3일 07시,수요일,부산광역시 강서구 화전동,경상사고,0,0,1,0,차대차 - 측면충돌,안전거리미확보,건조,맑음,단일로 - 지하차도(도로)내,승합,남,68세,상해없음,승용,남,56세,경상
뺑소니사고,2021110300100136,2021년 11월 3일 09시,수요일,부산광역시 서구 서대신동2가,중상사고,0,1,0,0,차대사람 - 기타,안전운전불이행,건조,맑음,단일로 - 기타,이륜,남,17세,상해없음,보행자,여,42세,중상
뺑소니사고,2021110300100372,2021년 11월 3일 16시,수요일,부산광역시 동구 범일동,경상사고,0,0,2,0,차대차 - 후진중충돌,안전운전불이행,건조,맑음,단일로 - 기타,화물,남,63세,상해없음,승용,남,67세,경상
뺑소니사고,2021110300100455,2021년 11월 3일 18시,수요일,부산광역시 부산진구 부전동,경상사고,0,0,1,0,차대사람 - 길가장자리구역통행중,안전운전불이행,건조,맑음,단일로 - 기타,승합,남,72세,기타불명,보행자,여,26세,경상
뺑소니사고,2021110300100559,2021년 11월 3일 20시,수요일,부산광역시 연제구 연산동,경상사고,0,0,2,0,차대차 - 추돌,안전운전불이행,건조,맑음,단일로 - 기타,이륜,남,31세,상해없음,승용,여,39세,경상
뺑소니사고,2021110400100105,2021년 11월 4일 08시,목요일,부산광역시 금정구 부곡동,경상사고,0,0,1,0,차대사람 - 기타,안전운전불이행,건조,맑음,단일로 - 기타,승용,여,47세,상해없음,보행자,남,69세,경상
뺑소니사고,2021110500100099,2021년 11월 5일 08시,금요일,부산광역시 부산진구 전포동,경상사고,0,0,1,0,차대사람 - 기타,안전운전불이행,건조,맑음,교차로 - 교차로부근,승용,남,34세,상해없음,보행자,여,57세,경상
뺑소니사고,2021110600100316,2021년 11월 6일 15시,토요일,부산광역시 부산진구 전포동,중상사고,0,1,0,0,차대차 - 기타,기타,건조,맑음,교차로 - 교차로부근,승용,남,65세,상해없음,이륜,남,22세,중상
뺑소니사고,2021110600100621,2021년 11월 6일 23시,토요일,부산광역시 수영구 남천동,경상사고,0,0,2,0,차대차 - 추돌,안전운전불이행,건조,맑음,교차로 - 교차로안,승용,남,28세,상해없음,승용,남,73세,경상
뺑소니사고,2021110700100063,2021년 11월 7일 08시,일요일,부산광역시 동래구 온천동,경상사고,0,0,1,0,차대사람 - 기타,안전운전불이행,건조,맑음,단일로 - 기타,승용,남,26세,상해없음,보행자,여,79세,경상
뺑소니사고,2021110800100488,2021년 11월 8일 18시,월요일,부산광역시 부산진구 전포동,경상사고,0,0,1,0,차대차 - 추돌,안전운전불이행,건조,맑음,단일로 - 기타,승용,남,30세,상해없음,승용,남,50세,경상
뺑소니사고,2.02111E+15,2021년 11월 9일 14시,화요일,부산광역시 해운대구 우동,경상사고,0,0,1,0,차대차 - 추돌,안전운전불이행,건조,맑음,단일로 - 기타,승용,남,81세,상해없음,승용,남,48세,경상
뺑소니사고,2.02111E+15,2021년 11월 9일 17시,화요일,부산광역시 부산진구 부전동,경상사고,0,0,1,0,차대사람 - 차도통행중,기타,건조,맑음,단일로 - 기타,승용,여,43세,상해없음,보행자,남,24세,경상
뺑소니사고,2021110900100666,2021년 11월 9일 23시,화요일,부산광역시 부산진구 초읍동,중상사고,0,1,0,0,차대사람 - 기타,안전운전불이행,건조,맑음,교차로 - 교차로안,승용,남,66세,상해없음,보행자,남,65세,중상
뺑소니사고,2021111000100113,2021년 11월 10일 08시,수요일,부산광역시 금정구 부곡동,부상신고사고,0,0,0,1,차대사람 - 횡단중,안전운전불이행,건조,맑음,교차로 - 교차로안,승용,남,49세,상해없음,보행자,여,15세,부상신고
뺑소니사고,2021111000100249,2021년 11월 10일 13시,수요일,부산광역시 기장군 정관읍,경상사고,0,0,2,0,차대차 - 기타,신호위반,건조,맑음,교차로 - 교차로안,승용,남,61세,상해없음,승합,남,57세,경상
뺑소니사고,2021111100100025,2021년 11월 11일 02시,목요일,부산광역시 부산진구 부전동,경상사고,0,0,1,0,차대사람 - 기타,안전운전불이행,건조,맑음,단일로 - 기타,승용,남,22세,상해없음,보행자,남,21세,경상
뺑소니사고,2021111300100557,2021년 11월 13일 20시,토요일,부산광역시 부산진구 부전동,경상사고,0,0,1,0,차대사람 - 차도통행중,안전운전불이행,건조,맑음,단일로 - 기타,승용,여,30세,상해없음,보행자,여,29세,경상
뺑소니사고,2021111400100247,2021년 11월 14일 15시,일요일,부산광역시 금정구 오륜동,경상사고,0,0,1,0,차대차 - 측면충돌,안전운전불이행,건조,맑음,단일로 - 기타,승용,여,45세,상해없음,승용,남,29세,경상
뺑소니사고,2021111400100388,2021년 11월 14일 19시,일요일,부산광역시 북구 덕천동,중상사고,0,1,0,0,차대사람 - 차도통행중,안전운전불이행,건조,맑음,단일로 - 기타,이륜,남,17세,상해없음,보행자,남,30세,중상
뺑소니사고,2.02111E+15,2021년 11월 15일 08시,월요일,부산광역시 부산진구 가야동,경상사고,0,0,1,0,차대사람 - 기타,보행자보호의무위반,건조,맑음,단일로 - 기타,승용,남,69세,기타불명,보행자,남,7세,경상
뺑소니사고,2021111700100166,2021년 11월 17일 10시,수요일,부산광역시 부산진구 당감동,부상신고사고,0,0,0,1,차대사람 - 기타,안전운전불이행,건조,맑음,단일로 - 기타,승용,여,53세,상해없음,보행자,여,68세,부상신고
뺑소니사고,2021111800100017,2021년 11월 18일 01시,목요일,부산광역시 사상구 학장동,경상사고,0,0,1,0,차대차 - 추돌,안전운전불이행,건조,맑음,교차로 - 교차로부근,승용,남,26세,상해없음,화물,남,52세,경상
뺑소니사고,2021111900100033,2021년 11월 19일 02시,금요일,부산광역시 연제구 연산동,중상사고,0,1,2,0,차대차 - 추돌,안전운전불이행,건조,맑음,단일로 - 기타,승용,여,54세,상해없음,승용,남,55세,경상
뺑소니사고,2021111900100413,2021년 11월 19일 17시,금요일,부산광역시 부산진구 가야동,경상사고,0,0,2,0,차대차 - 측면충돌,신호위반,건조,맑음,교차로 - 교차로안,승용,남,74세,기타불명,승용,남,18세,경상
뺑소니사고,2021111900100482,2021년 11월 19일 18시,금요일,부산광역시 북구 구포동,중상사고,0,1,2,0,차대차 - 기타,교차로운행방법위반,건조,맑음,교차로 - 교차로부근,승용,여,59세,상해없음,화물,여,59세,중상
뺑소니사고,2021112100100235,2021년 11월 21일 15시,일요일,부산광역시 북구 덕천동,경상사고,0,0,1,0,차대사람 - 기타,안전운전불이행,건조,맑음,단일로 - 기타,승용,남,77세,상해없음,보행자,남,61세,경상
뺑소니사고,2021112100100236,2021년 11월 21일 15시,일요일,부산광역시 부산진구 부전동,경상사고,0,0,1,0,차대사람 - 차도통행중,안전운전불이행,건조,맑음,단일로 - 기타,승용,여,63세,상해없음,보행자,여,15세,경상
뺑소니사고,2021112200100571,2021년 11월 22일 21시,월요일,부산광역시 연제구 거제동,경상사고,0,0,1,0,차대차 - 기타,기타,건조,맑음,단일로 - 기타,승용,남,53세,상해없음,자전거,남,16세,경상
뺑소니사고,2021112200100593,2021년 11월 22일 22시,월요일,부산광역시 강서구 명지동,경상사고,0,0,3,0,차대차 - 측면충돌,안전운전불이행,건조,맑음,교차로 - 교차로안,승용,남,46세,상해없음,승용,여,29세,경상
뺑소니사고,2021112300100545,2021년 11월 23일 21시,화요일,부산광역시 해운대구 우동,경상사고,0,0,1,0,차대차 - 추돌,안전운전불이행,건조,맑음,교차로 - 교차로부근,승용,남,29세,상해없음,승용,남,33세,경상
뺑소니사고,2021112300100566,2021년 11월 23일 22시,화요일,부산광역시 해운대구 재송동,경상사고,0,0,4,0,차대차 - 측면충돌,신호위반,건조,맑음,교차로 - 교차로안,승용,남,36세,상해없음,승용,남,63세,경상
뺑소니사고,2021112400100319,2021년 11월 24일 16시,수요일,부산광역시 연제구 연산동,경상사고,0,0,1,0,차대사람 - 기타,보행자보호의무위반,건조,맑음,단일로 - 기타,승용,남,57세,상해없음,보행자,남,10세,경상
뺑소니사고,2.02111E+15,2021년 11월 24일 20시,수요일,부산광역시 사상구 엄궁동,경상사고,0,0,1,0,차대차 - 측면충돌,안전운전불이행,건조,맑음,교차로 - 교차로부근,승용,남,44세,상해없음,승용,남,27세,경상
뺑소니사고,2021112600100199,2021년 11월 26일 10시,금요일,부산광역시 부산진구 부전동,경상사고,0,0,1,0,차대차 - 기타,교차로운행방법위반,건조,맑음,교차로 - 교차로안,이륜,남,23세,상해없음,이륜,남,29세,경상
뺑소니사고,2021112700100039,2021년 11월 27일 04시,토요일,부산광역시 사하구 구평동,경상사고,0,0,1,0,차대차 - 측면충돌,신호위반,건조,맑음,교차로 - 교차로안,승용,남,62세,상해없음,승용,남,51세,경상
뺑소니사고,2021112700100592,2021년 11월 27일 23시,토요일,부산광역시 북구 덕천동,경상사고,0,0,1,0,차대사람 - 기타,안전운전불이행,건조,맑음,교차로 - 교차로횡단보도내,이륜,남,16세,상해없음,보행자,여,33세,경상
뺑소니사고,2021112900100031,2021년 11월 29일 06시,월요일,부산광역시 남구 문현동,경상사고,0,0,1,0,차대사람 - 기타,안전운전불이행,건조,맑음,교차로 - 교차로부근,승용,남,27세,상해없음,보행자,남,51세,경상
뺑소니사고,2021112900100589,2021년 11월 29일 21시,월요일,부산광역시 부산진구 부암동,경상사고,0,0,1,0,차대차 - 기타,안전운전불이행,건조,맑음,단일로 - 고가도로위,승용,남,61세,경상,승용,남,55세,상해없음
뺑소니사고,2021112900100618,2021년 11월 29일 22시,월요일,부산광역시 부산진구 전포동,경상사고,0,0,1,0,차대사람 - 기타,안전운전불이행,건조,맑음,단일로 - 기타,승용,남,59세,상해없음,보행자,여,21세,경상
뺑소니사고,2021113000100116,2021년 11월 30일 08시,화요일,부산광역시 사하구 감천동,중상사고,0,2,6,0,차대차 - 기타,안전운전불이행,젖음/습기,비,교차로 - 교차로안,승용,남,68세,상해없음,승합,남,33세,경상
뺑소니사고,2021120300100373,2021년 12월 3일 14시,금요일,부산광역시 금정구 구서동,중상사고,0,1,0,0,차대사람 - 횡단중,안전운전불이행,건조,맑음,기타 - 기타,승용,여,60세,상해없음,보행자,남,9세,중상
뺑소니사고,2021120300100708,2021년 12월 3일 22시,금요일,부산광역시 해운대구 우동,경상사고,0,0,1,0,차대차 - 측면충돌,안전운전불이행,건조,맑음,단일로 - 고가도로위,승용,남,24세,상해없음,승용,남,21세,경상
뺑소니사고,2021120400100491,2021년 12월 4일 21시,토요일,부산광역시 부산진구 부전동,경상사고,0,0,1,0,차대사람 - 기타,안전운전불이행,건조,맑음,단일로 - 기타,승용,남,18세,상해없음,보행자,남,26세,경상
뺑소니사고,2021120500100015,2021년 12월 5일 01시,일요일,부산광역시 금정구 청룡동,경상사고,0,0,1,0,차대사람 - 횡단중,신호위반,건조,맑음,기타 - 기타,승용,남,62세,상해없음,보행자,남,32세,경상
뺑소니사고,2021120600100108,2021년 12월 6일 09시,월요일,부산광역시 부산진구 부암동,경상사고,0,0,1,0,차대차 - 측면충돌,신호위반,건조,맑음,단일로 - 기타,원동기,남,18세,상해없음,자전거,여,59세,경상
뺑소니사고,2021120600100567,2021년 12월 6일 23시,월요일,부산광역시 사하구 신평동,중상사고,0,1,0,0,차대차 - 측면충돌,신호위반,건조,맑음,교차로 - 교차로안,승용,남,19세,상해없음,승용,남,39세,중상
뺑소니사고,2021120700100295,2021년 12월 7일 14시,화요일,부산광역시 동구 초량동,경상사고,0,0,1,0,차대사람 - 길가장자리구역통행중,안전운전불이행,건조,맑음,단일로 - 기타,승용,여,41세,상해없음,보행자,남,43세,경상
뺑소니사고,2021120700100537,2021년 12월 7일 20시,화요일,부산광역시 사상구 모라동,경상사고,0,0,2,0,차대차 - 측면충돌,안전거리미확보,건조,맑음,단일로 - 기타,화물,남,50세,상해없음,승용,남,59세,경상
뺑소니사고,2021120800100289,2021년 12월 8일 14시,수요일,부산광역시 연제구 거제동,중상사고,0,1,0,0,차대차 - 추돌,안전운전불이행,건조,맑음,단일로 - 기타,승용,남,53세,상해없음,승용,남,36세,중상
뺑소니사고,2021120900100052,2021년 12월 9일 07시,목요일,부산광역시 사상구 엄궁동,경상사고,0,0,1,0,차대차 - 추돌,안전운전불이행,건조,맑음,기타 - 기타,승용,남,58세,상해없음,승용,남,25세,경상
뺑소니사고,2021121000100074,2021년 12월 10일 07시,금요일,부산광역시 사상구 모라동,경상사고,0,0,1,0,차대차 - 추돌,안전운전불이행,건조,맑음,교차로 - 교차로부근,승용,여,54세,상해없음,승용,남,38세,경상
뺑소니사고,2021121000100359,2021년 12월 10일 16시,금요일,부산광역시 부산진구 양정동,경상사고,0,0,1,0,차대사람 - 기타,안전운전불이행,건조,맑음,단일로 - 기타,승용,남,47세,상해없음,보행자,여,20세,경상
뺑소니사고,2.02112E+15,2021년 12월 11일 08시,토요일,부산광역시 사상구 주례동,중상사고,0,2,0,0,차대차 - 측면충돌,신호위반,건조,맑음,교차로 - 교차로안,승용,여,52세,상해없음,승용,남,31세,중상
뺑소니사고,2021121100100345,2021년 12월 11일 17시,토요일,부산광역시 사상구 덕포동,경상사고,0,0,1,0,차대사람 - 기타,기타,건조,맑음,기타 - 기타,승용,남,65세,상해없음,보행자,여,54세,경상
뺑소니사고,2021121200100038,2021년 12월 12일 02시,일요일,부산광역시 부산진구 부전동,경상사고,0,0,4,0,차대사람 - 기타,안전운전불이행,건조,맑음,교차로 - 교차로안,승용,남,25세,상해없음,보행자,남,23세,경상
뺑소니사고,2021121400100017,2021년 12월 14일 02시,화요일,부산광역시 동구 수정동,중상사고,0,1,1,0,차대차 - 측면충돌,교차로운행방법위반,건조,맑음,교차로 - 교차로안,승용,남,21세,상해없음,승용,남,22세,경상
뺑소니사고,2021121500100261,2021년 12월 15일 13시,수요일,부산광역시 부산진구 양정동,경상사고,0,0,1,0,차대사람 - 기타,안전운전불이행,건조,맑음,교차로 - 교차로안,승용,남,67세,기타불명,보행자,여,22세,경상
뺑소니사고,2021121700100023,2021년 12월 17일 02시,금요일,부산광역시 부산진구 부전동,경상사고,0,0,1,0,차대차 - 추돌,안전운전불이행,건조,맑음,교차로 - 교차로부근,승용,남,23세,상해없음,이륜,여,20세,경상
뺑소니사고,2021121700100315,2021년 12월 17일 15시,금요일,부산광역시 기장군 정관읍,경상사고,0,0,1,0,차대사람 - 횡단중,안전운전불이행,건조,맑음,교차로 - 교차로안,이륜,남,43세,상해없음,보행자,여,7세,경상
뺑소니사고,2021121700100466,2021년 12월 17일 18시,금요일,부산광역시 동구 초량동,경상사고,0,0,1,0,차대차 - 측면충돌,안전운전불이행,건조,맑음,단일로 - 기타,승용,남,72세,상해없음,승용,여,36세,경상
뺑소니사고,2021121800100368,2021년 12월 18일 16시,토요일,부산광역시 부산진구 전포동,경상사고,0,0,1,0,차대사람 - 기타,안전운전불이행,건조,맑음,교차로 - 교차로부근,승용,남,45세,상해없음,보행자,남,40세,경상
뺑소니사고,2021121900100327,2021년 12월 19일 21시,일요일,부산광역시 강서구 명지동,경상사고,0,0,1,0,차대차 - 추돌,안전운전불이행,건조,맑음,교차로 - 교차로안,승용,남,43세,상해없음,승용,남,35세,경상
뺑소니사고,2021122000100341,2021년 12월 20일 16시,월요일,부산광역시 서구 부용동1가,경상사고,0,0,1,0,차대사람 - 보도통행중,신호위반,건조,맑음,교차로 - 교차로부근,원동기,남,65세,상해없음,보행자,여,20세,경상
뺑소니사고,2021122000100579,2021년 12월 20일 21시,월요일,부산광역시 사상구 괘법동,중상사고,0,1,0,0,차대차 - 기타,안전운전불이행,건조,맑음,단일로 - 기타,승용,남,21세,상해없음,기타불명,여,59세,중상
뺑소니사고,2021122000100609,2021년 12월 20일 22시,월요일,부산광역시 연제구 연산동,경상사고,0,0,1,0,차대차 - 정면충돌,안전운전불이행,건조,맑음,단일로 - 기타,승용,남,60세,상해없음,승용,남,59세,경상
뺑소니사고,2021122300100489,2021년 12월 23일 20시,목요일,부산광역시 남구 대연동,경상사고,0,0,1,0,차대차 - 측면충돌,안전운전불이행,건조,맑음,교차로 - 교차로부근,승용,남,38세,상해없음,승용,여,49세,경상