사고부문,사고번호,사고일시,요일,시군구,사고내용,사망자수,중상자수,경상자수,부상신고자수,사고유형,법규위반,노면상태,기상상태,도로형태,가해운전자 차종,가해운전자 성별,가해운전자 연령,가해운전자 상해정도,피해운전자 차종,피해운전자 성별,피해운전자 연령,피해운전자 상해정도
뺑소니사고,2022061600100539,2022년 6월 16일 20시,목요일,부산광역시 연제구 연산동,경상사고,0,0,2,0,차대차 - 기타,안전거리미확보,건조,맑음,단일로 - 기타,원동기,남,16세,상해없음,승용,남,32세,경상
뺑소니사고,2022061700100287,2022년 6월 17일 14시,금요일,부산광역시 중구 부평동1가,경상사고,0,0,2,0,차대차 - 측면충돌,중앙선침범,건조,맑음,교차로 - 교차로부근,승용,남,20세,상해없음,승용,남,25세,경상
뺑소니사고,2022061800100043,2022년 6월 18일 03시,토요일,부산광역시 금정구 남산동,사망사고,1,0,0,0,차대사람 - 길가장자리구역통행중,안전운전불이행,건조,맑음,교차로 - 교차로안,화물,남,61세,상해없음,보행자,남,51세,사망
뺑소니사고,2022061900100007,2022년 6월 19일 00시,일요일,부산광역시 부산진구 부전동,중상사고,0,1,0,0,차대사람 - 기타,안전운전불이행,건조,맑음,교차로 - 교차로안,승용,남,43세,상해없음,보행자,남,26세,중상
뺑소니사고,2022061900100037,2022년 6월 19일 02시,일요일,부산광역시 금정구 서동,경상사고,0,0,1,0,차대사람 - 길가장자리구역통행중,안전운전불이행,건조,맑음,단일로 - 기타,승용,남,68세,상해없음,보행자,남,64세,경상
뺑소니사고,2022061900100374,2022년 6월 19일 21시,일요일,부산광역시 사하구 감천동,경상사고,0,0,3,0,차대차 - 추돌,안전운전불이행,건조,맑음,교차로 - 교차로부근,승용,남,36세,기타불명,이륜,여,28세,경상
뺑소니사고,2022062000100024,2022년 6월 20일 02시,월요일,부산광역시 해운대구 좌동,경상사고,0,0,2,0,차대차 - 측면충돌,안전운전불이행,건조,맑음,단일로 - 기타,승용,여,25세,상해없음,승용,남,22세,경상
뺑소니사고,2022062000100046,2022년 6월 20일 06시,월요일,부산광역시 부산진구 전포동,경상사고,0,0,1,0,차대차 - 추돌,안전운전불이행,건조,맑음,단일로 - 기타,승용,남,25세,상해없음,승합,남,53세,경상
뺑소니사고,2022062000100094,2022년 6월 20일 08시,월요일,부산광역시 금정구 부곡동,경상사고,0,0,1,0,차대사람 - 기타,안전운전불이행,건조,맑음,단일로 - 기타,승용,여,42세,상해없음,보행자,남,13세,경상
뺑소니사고,2022062000100511,2022년 6월 20일 19시,월요일,부산광역시 동구 수정동,경상사고,0,0,1,0,차대사람 - 길가장자리구역통행중,안전운전불이행,건조,맑음,단일로 - 기타,승용,남,31세,상해없음,보행자,남,64세,경상
뺑소니사고,2022062100100276,2022년 6월 21일 14시,화요일,부산광역시 동구 범일동,경상사고,0,0,1,0,차대차 - 측면충돌,안전운전불이행,건조,맑음,교차로 - 교차로부근,화물,남,47세,상해없음,승용,남,66세,경상
뺑소니사고,2022062100100405,2022년 6월 21일 17시,화요일,부산광역시 사상구 감전동,경상사고,0,0,1,0,차대차 - 측면충돌,안전거리미확보,건조,맑음,단일로 - 기타,화물,남,39세,상해없음,승용,남,30세,경상
뺑소니사고,2022062100100598,2022년 6월 21일 23시,화요일,부산광역시 부산진구 초읍동,경상사고,0,0,1,0,차대차 - 기타,안전운전불이행,건조,맑음,교차로 - 교차로안,화물,남,50세,상해없음,승용,남,30세,경상
뺑소니사고,2022062200100092,2022년 6월 22일 08시,수요일,부산광역시 금정구 금사동,경상사고,0,0,1,0,차대차 - 기타,안전운전불이행,건조,맑음,기타 - 기타,승용,남,49세,상해없음,승용,남,55세,경상
뺑소니사고,2022062200100231,2022년 6월 22일 12시,수요일,부산광역시 부산진구 가야동,경상사고,0,0,1,0,차대사람 - 기타,기타,건조,맑음,기타 - 기타,이륜,남,63세,상해없음,보행자,여,19세,경상
뺑소니사고,2022062200100338,2022년 6월 22일 15시,수요일,부산광역시 동구 범일동,경상사고,0,0,1,0,차대사람 - 차도통행중,안전운전불이행,건조,맑음,단일로 - 기타,승용,여,24세,기타불명,보행자,여,66세,경상
뺑소니사고,2022062200100608,2022년 6월 22일 22시,수요일,부산광역시 금정구 부곡동,경상사고,0,0,1,0,차대사람 - 기타,안전운전불이행,건조,맑음,기타 - 기타,승용,여,66세,상해없음,보행자,남,44세,경상
뺑소니사고,2.02206E+15,2022년 6월 24일 03시,금요일,부산광역시 부산진구 양정동,경상사고,0,0,1,0,차대차 - 측면충돌,안전거리미확보,젖음/습기,비,단일로 - 기타,승용,남,55세,상해없음,이륜,남,22세,경상
뺑소니사고,2022062500100635,2022년 6월 25일 23시,토요일,부산광역시 수영구 남천동,경상사고,0,0,3,0,차대차 - 추돌,안전운전불이행,건조,맑음,단일로 - 기타,승용,남,26세,상해없음,승용,남,26세,경상
뺑소니사고,2022062600100003,2022년 6월 26일 00시,일요일,부산광역시 금정구 구서동,중상사고,0,1,0,0,차대사람 - 기타,안전운전불이행,건조,맑음,기타 - 기타,승용,남,53세,상해없음,보행자,여,42세,중상
뺑소니사고,2022062600100022,2022년 6월 26일 01시,일요일,부산광역시 부산진구 양정동,중상사고,0,1,0,0,차대사람 - 기타,안전운전불이행,젖음/습기,흐림,주차장 - 주차장,승용,남,26세,상해없음,보행자,남,37세,중상
뺑소니사고,2022062700100158,2022년 6월 27일 10시,월요일,부산광역시 금정구 금사동,경상사고,0,0,1,0,차대차 - 기타,안전운전불이행,젖음/습기,비,기타 - 기타,승용,남,69세,상해없음,이륜,남,56세,경상
뺑소니사고,2022062800100054,2022년 6월 28일 07시,화요일,부산광역시 북구 덕천동,경상사고,0,0,1,0,차대차 - 기타,안전운전불이행,젖음/습기,흐림,단일로 - 기타,승용,남,29세,상해없음,승합,남,47세,경상
뺑소니사고,2.02206E+15,2022년 6월 28일 08시,화요일,부산광역시 사하구 괴정동,경상사고,0,0,1,0,차대차 - 기타,안전운전불이행,건조,맑음,단일로 - 지하차도(도로)내,승용,여,45세,상해없음,이륜,여,56세,경상
뺑소니사고,2022062800100559,2022년 6월 28일 23시,화요일,부산광역시 부산진구 개금동,중상사고,0,1,0,0,차대차 - 기타,안전운전불이행,젖음/습기,비,단일로 - 기타,승용,남,69세,상해없음,이륜,남,35세,중상
뺑소니사고,2022063000100343,2022년 6월 30일 16시,목요일,부산광역시 금정구 서동,경상사고,0,0,1,0,차대사람 - 기타,안전운전불이행,건조,맑음,단일로 - 기타,승용,남,49세,상해없음,보행자,남,41세,경상
뺑소니사고,2022070100100442,2022년 7월 1일 17시,금요일,부산광역시 금정구 금사동,경상사고,0,0,1,0,차대사람 - 기타,안전운전불이행,건조,맑음,기타 - 기타,화물,남,49세,상해없음,보행자,여,60세,경상
뺑소니사고,2022070200100411,2022년 7월 2일 17시,토요일,부산광역시 금정구 구서동,경상사고,0,0,1,0,차대차 - 추돌,안전운전불이행,건조,맑음,단일로 - 터널,승용,남,64세,상해없음,승용,여,51세,경상
뺑소니사고,2022070200100542,2022년 7월 2일 21시,토요일,부산광역시 부산진구 부전동,중상사고,0,1,0,0,차대사람 - 횡단중,안전운전불이행,건조,맑음,교차로 - 교차로안,승용,여,21세,상해없음,보행자,남,33세,중상
뺑소니사고,2022070300100076,2022년 7월 3일 07시,일요일,부산광역시 강서구 명지동,경상사고,0,0,1,0,차대차 - 추돌,안전운전불이행,건조,맑음,단일로 - 지하차도(도로)내,승용,남,31세,상해없음,승용,남,45세,경상
뺑소니사고,2022070400100323,2022년 7월 4일 15시,월요일,부산광역시 해운대구 재송동,경상사고,0,0,1,0,차대차 - 측면충돌,안전거리미확보,건조,맑음,단일로 - 기타,승합,남,55세,상해없음,승용,여,53세,경상
뺑소니사고,2022070400100398,2022년 7월 4일 17시,월요일,부산광역시 부산진구 부전동,경상사고,0,0,1,0,차대사람 - 횡단중,신호위반,건조,맑음,단일로 - 기타,승용,남,65세,상해없음,보행자,남,64세,경상
뺑소니사고,2022070600100056,2022년 7월 6일 07시,수요일,부산광역시 남구 문현동,중상사고,0,1,0,0,차대차 - 추돌,안전운전불이행,건조,맑음,교차로 - 교차로부근,승용,남,38세,상해없음,승합,남,78세,상해없음
뺑소니사고,2022070600100157,2022년 7월 6일 10시,수요일,부산광역시 부산진구 부전동,경상사고,0,0,4,0,차대차 - 기타,신호위반,건조,맑음,교차로 - 교차로안,승용,여,24세,상해없음,승합,남,49세,경상
뺑소니사고,2022070600100377,2022년 7월 6일 17시,수요일,부산광역시 금정구 청룡동,경상사고,0,0,1,0,차대차 - 기타,안전거리미확보,건조,맑음,단일로 - 기타,승용,여,57세,상해없음,승용,여,29세,경상
뺑소니사고,2022070600100518,2022년 7월 6일 21시,수요일,부산광역시 부산진구 부전동,부상신고사고,0,0,0,1,차대차 - 추돌,안전운전불이행,건조,맑음,단일로 - 기타,승용,남,25세,상해없음,승용,남,59세,상해없음
뺑소니사고,2.02207E+15,2022년 7월 7일 09시,목요일,부산광역시 부산진구 부전동,경상사고,0,0,1,0,차대사람 - 기타,안전운전불이행,건조,맑음,단일로 - 기타,승용,여,35세,상해없음,보행자,여,66세,경상
뺑소니사고,2022070800100329,2022년 7월 8일 15시,금요일,부산광역시 금정구 구서동,경상사고,0,0,1,0,차대사람 - 기타,안전운전불이행,건조,맑음,단일로 - 기타,승용,여,61세,상해없음,보행자,여,14세,경상
뺑소니사고,2022070900100462,2022년 7월 9일 19시,토요일,부산광역시 부산진구 양정동,경상사고,0,0,1,0,차대사람 - 기타,안전운전불이행,건조,맑음,교차로 - 교차로안,승용,남,64세,상해없음,보행자,남,62세,경상
뺑소니사고,2022070900100516,2022년 7월 9일 21시,토요일,부산광역시 사상구 덕포동,중상사고,0,2,1,0,차대차 - 정면충돌,신호위반,건조,맑음,교차로 - 교차로안,승용,남,31세,상해없음,승용,남,56세,경상
뺑소니사고,2022071100100079,2022년 7월 11일 08시,월요일,부산광역시 금정구 장전동,경상사고,0,0,1,0,차대사람 - 길가장자리구역통행중,안전운전불이행,젖음/습기,비,단일로 - 기타,승용,여,61세,상해없음,보행자,여,24세,경상
뺑소니사고,2022071500100509,2022년 7월 15일 19시,금요일,부산광역시 부산진구 부암동,중상사고,0,1,0,0,차대차 - 기타,안전운전불이행,건조,맑음,교차로 - 교차로안,이륜,남,31세,상해없음,이륜,남,64세,중상
뺑소니사고,2022071600100156,2022년 7월 16일 11시,토요일,부산광역시 금정구 회동동,중상사고,0,1,1,0,차대차 - 기타,안전운전불이행,건조,맑음,기타 - 기타,특수,남,59세,상해없음,승용,남,78세,중상
뺑소니사고,2022071600100475,2022년 7월 16일 20시,토요일,부산광역시 해운대구 중동,경상사고,0,0,1,0,차대차 - 측면충돌,교차로운행방법위반,건조,맑음,교차로 - 교차로안,승용,남,53세,상해없음,자전거,남,29세,경상
뺑소니사고,2022071800100035,2022년 7월 18일 05시,월요일,부산광역시 사상구 엄궁동,중상사고,0,2,0,0,차대차 - 기타,안전운전불이행,젖음/습기,비,단일로 - 기타,화물,남,58세,상해없음,화물,여,48세,중상
뺑소니사고,2.02207E+15,2022년 7월 18일 09시,월요일,부산광역시 연제구 거제동,경상사고,0,0,1,0,차대차 - 측면충돌,안전거리미확보,젖음/습기,비,단일로 - 기타,승용,여,31세,상해없음,승용,여,56세,경상
뺑소니사고,2022071900100023,2022년 7월 19일 02시,화요일,부산광역시 강서구 명지동,경상사고,0,0,1,0,차대차 - 추돌,안전운전불이행,젖음/습기,비,단일로 - 기타,승용,남,29세,기타불명,화물,남,33세,경상
뺑소니사고,2022071900100339,2022년 7월 19일 16시,화요일,부산광역시 북구 만덕동,중상사고,0,1,0,0,차대차 - 추돌,안전운전불이행,건조,맑음,교차로 - 교차로부근,이륜,남,21세,상해없음,승용,여,46세,중상
뺑소니사고,2022072200100154,2022년 7월 22일 10시,금요일,부산광역시 사상구 감전동,경상사고,0,0,1,0,차대차 - 측면충돌,교차로운행방법위반,건조,맑음,교차로 - 교차로안,승용,남,64세,상해없음,이륜,남,79세,경상
뺑소니사고,2022072200100459,2022년 7월 22일 18시,금요일,부산광역시 강서구 대저1동,경상사고,0,0,2,0,차대차 - 추돌,안전운전불이행,건조,맑음,단일로 - 기타,승용,남,66세,상해없음,승용,남,32세,경상
뺑소니사고,2022072400100281,2022년 7월 24일 18시,일요일,부산광역시 해운대구 중동,경상사고,0,0,1,0,차대차 - 정면충돌,중앙선침범,건조,맑음,단일로 - 기타,승용,남,30세,상해없음,승용,남,51세,경상
뺑소니사고,2022072500100272,2022년 7월 25일 13시,월요일,부산광역시 연제구 연산동,경상사고,0,0,1,0,차대사람 - 기타,안전운전불이행,건조,맑음,단일로 - 기타,승용,여,67세,상해없음,보행자,여,59세,경상
뺑소니사고,2022072500100419,2022년 7월 25일 17시,월요일,부산광역시 금정구 남산동,경상사고,0,0,1,0,차대차 - 기타,안전운전불이행,건조,맑음,기타 - 기타,승용,남,56세,상해없음,자전거,여,51세,경상
뺑소니사고,2.02207E+15,2022년 7월 26일 10시,화요일,부산광역시 금정구 회동동,경상사고,0,0,1,2,차대차 - 측면충돌,안전거리미확보,건조,맑음,단일로 - 기타,승용,남,71세,상해없음,승용,남,25세,경상
뺑소니사고,2022072700100022,2022년 7월 27일 02시,수요일,부산광역시 부산진구 양정동,경상사고,0,0,1,0,차대차 - 기타,안전운전불이행,건조,맑음,단일로 - 기타,승용,남,59세,상해없음,자전거,남,25세,경상
뺑소니사고,2022072700100232,2022년 7월 27일 13시,수요일,부산광역시 사하구 하단동,경상사고,0,0,1,0,차대사람 - 기타,안전운전불이행,건조,맑음,단일로 - 기타,승용,남,68세,상해없음,보행자,여,44세,경상
뺑소니사고,2022072900100269,2022년 7월 29일 13시,금요일,부산광역시 금정구 장전동,경상사고,0,0,2,0,차대차 - 추돌,안전운전불이행,건조,맑음,교차로 - 교차로안,승용,남,47세,상해없음,승용,여,49세,경상
뺑소니사고,2022073000100509,2022년 7월 30일 21시,토요일,부산광역시 연제구 연산동,중상사고,0,1,0,0,차대차 - 측면충돌,신호위반,건조,맑음,단일로 - 기타,승용,남,18세,상해없음,이륜,남,26세,중상
뺑소니사고,2.02207E+15,2022년 7월 30일 23시,토요일,부산광역시 동구 좌천동,경상사고,0,0,1,0,차대차 - 추돌,기타,건조,맑음,교차로 - 교차로부근,승용,남,28세,상해없음,승용,여,31세,경상
뺑소니사고,2.02207E+15,2022년 7월 31일 01시,일요일,부산광역시 기장군 기장읍,경상사고,0,0,4,0,차대차 - 기타,안전운전불이행,젖음/습기,비,단일로 - 기타,승용,남,27세,상해없음,승용,남,39세,경상
뺑소니사고,2022080100100076,2022년 8월 1일 08시,월요일,부산광역시 동구 초량동,중상사고,0,1,0,0,차대차 - 측면충돌,안전운전불이행,건조,맑음,단일로 - 기타,승용,남,45세,상해없음,승용,남,74세,중상
뺑소니사고,2.02208E+15,2022년 8월 1일 23시,월요일,부산광역시 중구 영주동,경상사고,0,0,1,0,차대차 - 측면충돌,안전운전불이행,젖음/습기,비,단일로 - 기타,승용,기타불명,미분류,기타불명,승용,남,50세,경상
뺑소니사고,2022080200100087,2022년 8월 2일 08시,화요일,부산광역시 강서구 미음동,경상사고,0,0,1,0,차대차 - 기타,중앙선침범,건조,맑음,단일로 - 기타,승용,남,24세,기타불명,승용,남,50세,경상
뺑소니사고,2022080300100064,2022년 8월 3일 06시,수요일,부산광역시 연제구 거제동,경상사고,0,0,1,0,차대차 - 기타,신호위반,젖음/습기,흐림,단일로 - 기타,이륜,남,29세,상해없음,자전거,남,46세,경상
뺑소니사고,2022080400100503,2022년 8월 4일 21시,목요일,부산광역시 부산진구 전포동,경상사고,0,0,1,0,차대사람 - 기타,안전운전불이행,건조,맑음,단일로 - 기타,승용,남,25세,상해없음,보행자,남,25세,경상
뺑소니사고,2022080500100107,2022년 8월 5일 09시,금요일,부산광역시 금정구 장전동,경상사고,0,0,1,0,차대사람 - 기타,안전운전불이행,건조,맑음,기타 - 기타,승용,남,54세,상해없음,보행자,남,48세,경상
뺑소니사고,2022080500100205,2022년 8월 5일 12시,금요일,부산광역시 금정구 구서동,경상사고,0,0,1,0,차대차 - 기타,안전운전불이행,건조,맑음,기타 - 기타,화물,남,70세,상해없음,화물,남,28세,경상
뺑소니사고,2022080800100026,2022년 8월 8일 05시,월요일,부산광역시 부산진구 전포동,경상사고,0,0,2,0,차대차 - 추돌,안전운전불이행,건조,맑음,교차로 - 교차로부근,승용,남,37세,상해없음,승용,남,66세,경상
뺑소니사고,2022081000100305,2022년 8월 10일 16시,수요일,부산광역시 금정구 장전동,경상사고,0,0,1,0,차대차 - 기타,안전운전불이행,건조,맑음,기타 - 기타,승용,여,46세,상해없음,이륜,남,58세,경상
뺑소니사고,2022081000100418,2022년 8월 10일 19시,수요일,부산광역시 금정구 부곡동,경상사고,0,0,1,0,차대사람 - 기타,안전운전불이행,건조,맑음,단일로 - 기타,승용,남,60세,상해없음,보행자,남,69세,경상
뺑소니사고,2022081200100149,2022년 8월 12일 10시,금요일,부산광역시 동구 초량동,경상사고,0,0,1,0,차대사람 - 횡단중,안전운전불이행,건조,맑음,단일로 - 기타,승용,남,74세,상해없음,보행자,남,53세,경상
뺑소니사고,2022081400100045,2022년 8월 14일 05시,일요일,부산광역시 동래구 안락동,중상사고,0,1,0,0,차대차 - 측면충돌,안전운전불이행,건조,맑음,교차로 - 교차로안,승용,남,20세,상해없음,승합,남,61세,중상
뺑소니사고,2022081400100154,2022년 8월 14일 13시,일요일,부산광역시 수영구 남천동,중상사고,0,2,0,0,차대차 - 기타,안전운전불이행,건조,맑음,교차로 - 교차로안,승용,여,50세,상해없음,승용,여,27세,중상
뺑소니사고,2022081400100289,2022년 8월 14일 19시,일요일,부산광역시 서구 동대신동3가,중상사고,0,1,3,0,차대차 - 추돌,안전운전불이행,건조,맑음,교차로 - 교차로부근,화물,남,70세,상해없음,승용,남,32세,중상
뺑소니사고,2022081500100052,2022년 8월 15일 06시,월요일,부산광역시 서구 토성동1가,경상사고,0,0,2,0,차대차 - 추돌,안전운전불이행,건조,맑음,교차로 - 교차로부근,승용,남,22세,상해없음,승용,남,41세,경상
뺑소니사고,2022081500100218,2022년 8월 15일 14시,월요일,부산광역시 부산진구 부암동,경상사고,0,0,1,0,차대차 - 추돌,안전운전불이행,건조,맑음,교차로 - 교차로부근,이륜,남,61세,상해없음,승용,여,37세,상해없음
뺑소니사고,2022081500100303,2022년 8월 15일 17시,월요일,부산광역시 금정구 장전동,경상사고,0,0,1,0,차대사람 - 기타,안전운전불이행,건조,맑음,기타 - 기타,승용,여,26세,상해없음,보행자,남,50세,경상
뺑소니사고,2022081500100421,2022년 8월 15일 22시,월요일,부산광역시 중구 창선동2가,경상사고,0,0,1,0,차대차 - 추돌,안전운전불이행,건조,맑음,단일로 - 기타,승용,남,40세,상해없음,이륜,남,22세,경상
뺑소니사고,2022081600100105,2022년 8월 16일 09시,화요일,부산광역시 동구 범일동,경상사고,0,0,2,0,차대차 - 측면충돌,교차로운행방법위반,건조,맑음,교차로 - 교차로안,승용,남,30세,상해없음,승합,남,67세,경상
뺑소니사고,2022081600100562,2022년 8월 16일 23시,화요일,부산광역시 연제구 거제동,경상사고,0,0,1,0,차대차 - 측면충돌,교차로운행방법위반,젖음/습기,비,교차로 - 교차로안,승용,남,57세,상해없음,승용,여,30세,경상
뺑소니사고,2022081700100043,2022년 8월 17일 05시,수요일,부산광역시 수영구 광안동,경상사고,0,0,1,0,차대차 - 추돌,안전운전불이행,젖음/습기,비,교차로 - 교차로부근,승용,남,26세,상해없음,승용,여,31세,경상
뺑소니사고,2022081700100058,2022년 8월 17일 07시,수요일,부산광역시 수영구 남천동,경상사고,0,0,2,0,차대차 - 정면충돌,안전운전불이행,젖음/습기,비,단일로 - 기타,승합,남,50세,상해없음,승용,남,69세,경상
뺑소니사고,2022081800100017,2022년 8월 18일 02시,목요일,부산광역시 부산진구 개금동,경상사고,0,0,4,0,차대차 - 기타,안전거리미확보,건조,맑음,단일로 - 기타,승용,남,40세,상해없음,화물,남,19세,경상
뺑소니사고,2022081800100319,2022년 8월 18일 15시,목요일,부산광역시 금정구 구서동,경상사고,0,0,2,0,차대차 - 추돌,안전운전불이행,건조,맑음,단일로 - 기타,화물,남,50세,상해없음,승용,여,48세,경상
뺑소니사고,2022081900100028,2022년 8월 19일 03시,금요일,부산광역시 동래구 온천동,경상사고,0,0,2,0,차대차 - 정면충돌,중앙선침범,건조,맑음,단일로 - 터널,승용,남,78세,상해없음,승용,여,48세,경상
뺑소니사고,2022082000100499,2022년 8월 20일 19시,토요일,부산광역시 사상구 모라동,중상사고,0,1,3,0,차대차 - 기타,기타,젖음/습기,비,단일로 - 기타,승용,남,28세,상해없음,승용,남,28세,경상
뺑소니사고,2022082200100204,2022년 8월 22일 11시,월요일,부산광역시 강서구 명지동,경상사고,0,0,2,0,차대차 - 추돌,안전운전불이행,건조,맑음,단일로 - 기타,승용,남,41세,상해없음,승용,남,63세,경상
뺑소니사고,2022082200100364,2022년 8월 22일 17시,월요일,부산광역시 금정구 회동동,경상사고,0,0,1,0,차대사람 - 기타,안전운전불이행,건조,맑음,기타 - 기타,승용,남,41세,상해없음,보행자,여,65세,경상
뺑소니사고,2022082300100062,2022년 8월 23일 07시,화요일,부산광역시 금정구 남산동,경상사고,0,0,1,0,차대차 - 기타,안전운전불이행,건조,맑음,교차로 - 교차로부근,승용,여,66세,상해없음,승용,여,18세,경상
뺑소니사고,2022082400100459,2022년 8월 24일 18시,수요일,부산광역시 금정구 부곡동,경상사고,0,0,1,0,차대차 - 기타,안전운전불이행,건조,맑음,교차로 - 교차로안,승합,남,64세,상해없음,자전거,남,10세,경상
뺑소니사고,2022082400100585,2022년 8월 24일 22시,수요일,부산광역시 수영구 남천동,경상사고,0,0,1,0,차대차 - 측면충돌,안전운전불이행,건조,맑음,교차로 - 교차로안,승용,남,58세,상해없음,승용,여,57세,경상
뺑소니사고,2022082600100362,2022년 8월 26일 16시,금요일,부산광역시 금정구 구서동,경상사고,0,0,1,0,차대사람 - 기타,안전운전불이행,건조,맑음,기타 - 기타,이륜,남,57세,상해없음,보행자,남,8세,경상
뺑소니사고,2022082600100469,2022년 8월 26일 18시,금요일,부산광역시 부산진구 부전동,경상사고,0,0,1,0,차대사람 - 기타,안전운전불이행,건조,맑음,단일로 - 기타,승용,남,22세,상해없음,보행자,남,58세,경상
뺑소니사고,2022082700100054,2022년 8월 27일 04시,토요일,부산광역시 부산진구 부전동,경상사고,0,0,1,0,차대사람 - 기타,안전운전불이행,건조,맑음,단일로 - 기타,승용,남,28세,상해없음,보행자,남,21세,경상
뺑소니사고,2022082700100089,2022년 8월 27일 07시,토요일,부산광역시 강서구 천성동,경상사고,0,0,2,0,차대차 - 추돌,안전운전불이행,건조,맑음,단일로 - 기타,승용,남,35세,상해없음,승용,남,74세,경상
뺑소니사고,2022082700100544,2022년 8월 27일 19시,토요일,부산광역시 금정구 서동,부상신고사고,0,0,0,1,차대사람 - 기타,안전운전불이행,건조,맑음,기타 - 기타,승용,남,45세,상해없음,보행자,남,64세,부상신고
뺑소니사고,2022082900100337,2022년 8월 29일 15시,월요일,부산광역시 동구 초량동,경상사고,0,0,1,0,차대차 - 측면충돌,안전거리미확보,건조,맑음,단일로 - 기타,승합,남,29세,상해없음,승용,남,23세,경상
뺑소니사고,2022082900100578,2022년 8월 29일 22시,월요일,부산광역시 금정구 구서동,중상사고,0,1,0,0,차대차 - 측면충돌,안전운전불이행,건조,맑음,기타 - 기타,승용,남,48세,기타불명,승용,여,53세,중상
뺑소니사고,2022083000100446,2022년 8월 30일 18시,화요일,부산광역시 금정구 회동동,경상사고,0,0,2,0,차대차 - 측면충돌,신호위반,건조,맑음,단일로 - 기타,승용,여,37세,상해없음,승용,남,51세,경상
뺑소니사고,2022090200100477,2022년 9월 2일 17시,금요일,부산광역시 동래구 온천동,경상사고,0,0,1,0,차대차 - 측면충돌,안전운전불이행,건조,맑음,단일로 - 기타,승용,남,77세,상해없음,자전거,남,51세,경상
뺑소니사고,2022090300100287,2022년 9월 3일 13시,토요일,부산광역시 연제구 연산동,경상사고,0,0,2,0,차대차 - 기타,안전운전불이행,건조,흐림,단일로 - 기타,승용,남,32세,상해없음,승용,여,57세,경상
뺑소니사고,2022090300100617,2022년 9월 3일 23시,토요일,부산광역시 남구 대연동,경상사고,0,0,2,0,차대차 - 추돌,안전운전불이행,젖음/습기,비,단일로 - 기타,승용,남,40세,상해없음,승용,남,60세,경상
뺑소니사고,2022090400100321,2022년 9월 4일 17시,일요일,부산광역시 동구 초량동,경상사고,0,0,2,0,차대차 - 측면충돌,교차로운행방법위반,건조,맑음,교차로 - 교차로안,승용,남,62세,상해없음,승용,남,60세,경상
뺑소니사고,2022090500100044,2022년 9월 5일 06시,월요일,부산광역시 동구 좌천동,경상사고,0,0,3,0,차대차 - 측면충돌,안전운전불이행,건조,맑음,단일로 - 기타,승용,남,31세,상해없음,화물,남,45세,경상
뺑소니사고,2022090500100134,2022년 9월 5일 09시,월요일,부산광역시 동구 범일동,중상사고,0,1,0,0,차대차 - 측면충돌,안전운전불이행,건조,맑음,교차로 - 교차로부근,화물,남,54세,상해없음,승용,남,71세,중상
뺑소니사고,2022090800100404,2022년 9월 8일 15시,목요일,부산광역시 금정구 장전동,경상사고,0,0,1,0,차대사람 - 횡단중,보행자보호의무위반,건조,맑음,단일로 - 기타,승용,남,75세,상해없음,보행자,여,21세,경상
뺑소니사고,2022090800100785,2022년 9월 8일 22시,목요일,부산광역시 중구 대청동1가,경상사고,0,0,1,0,차대사람 - 횡단중,신호위반,건조,맑음,단일로 - 기타,이륜,남,64세,상해없음,보행자,남,67세,경상
뺑소니사고,2022090900100274,2022년 9월 9일 14시,금요일,부산광역시 해운대구 좌동,중상사고,0,1,0,0,차대차 - 측면충돌,안전운전불이행,건조,맑음,기타 - 기타,이륜,남,19세,상해없음,승용,남,68세,중상
뺑소니사고,2022090900100475,2022년 9월 9일 21시,금요일,부산광역시 부산진구 부전동,중상사고,0,1,0,0,차대사람 - 기타,안전운전불이행,건조,맑음,교차로 - 교차로안,승용,남,42세,상해없음,보행자,남,18세,중상
뺑소니사고,2022091000100169,2022년 9월 10일 13시,토요일,부산광역시 북구 화명동,경상사고,0,0,1,0,차대차 - 기타,안전운전불이행,건조,맑음,단일로 - 기타,이륜,남,16세,상해없음,승용,여,56세,경상