사고부문,사고번호,사고일시,요일,시군구,사고내용,사망자수,중상자수,경상자수,부상신고자수,사고유형,법규위반,노면상태,기상상태,도로형태,가해운전자 차종,가해운전자 성별,가해운전자 연령,가해운전자 상해정도,피해운전자 차종,피해운전자 성별,피해운전자 연령,피해운전자 상해정도
뺑소니사고,2022091400100212,2022년 9월 14일 12시,수요일,부산광역시 금정구 회동동,경상사고,0,0,1,1,차대차 - 추돌,안전운전불이행,건조,맑음,기타 - 기타,승용,남,47세,상해없음,승용,남,24세,경상
뺑소니사고,2022091500100419,2022년 9월 15일 19시,목요일,부산광역시 연제구 연산동,경상사고,0,0,1,0,차대사람 - 기타,안전운전불이행,건조,맑음,단일로 - 기타,이륜,남,22세,상해없음,보행자,여,35세,경상
뺑소니사고,2022091600100016,2022년 9월 16일 01시,금요일,부산광역시 수영구 광안동,경상사고,0,0,2,0,차대차 - 후진중충돌,안전운전불이행,건조,맑음,단일로 - 기타,승용,여,32세,상해없음,승용,남,55세,경상
뺑소니사고,2022091600100233,2022년 9월 16일 12시,금요일,부산광역시 부산진구 당감동,경상사고,0,0,2,0,차대차 - 측면충돌,안전운전불이행,건조,맑음,교차로 - 교차로부근,건설기계,남,63세,상해없음,승용,남,63세,경상
뺑소니사고,2022091700100082,2022년 9월 17일 06시,토요일,부산광역시 북구 덕천동,경상사고,0,0,3,0,차대차 - 기타,교차로운행방법위반,건조,맑음,교차로 - 교차로안,승용,남,22세,상해없음,승용,남,41세,경상
뺑소니사고,2022091800100077,2022년 9월 18일 10시,일요일,부산광역시 금정구 장전동,부상신고사고,0,0,0,1,차대차 - 추돌,안전운전불이행,건조,맑음,교차로 - 교차로부근,승용,여,73세,상해없음,승용,남,41세,부상신고
뺑소니사고,2022091800100237,2022년 9월 18일 16시,일요일,부산광역시 부산진구 범천동,경상사고,0,0,1,0,차대사람 - 횡단중,보행자보호의무위반,건조,맑음,교차로 - 교차로횡단보도내,승용,남,68세,상해없음,보행자,남,78세,경상
뺑소니사고,2022092000100019,2022년 9월 20일 02시,화요일,부산광역시 사상구 모라동,중상사고,0,1,0,0,차대차 - 정면충돌,신호위반,건조,맑음,교차로 - 교차로안,화물,남,40세,상해없음,이륜,남,27세,중상
뺑소니사고,2022092000100585,2022년 9월 20일 21시,화요일,부산광역시 동래구 온천동,경상사고,0,0,1,0,차대차 - 측면충돌,안전운전불이행,건조,맑음,교차로 - 교차로부근,승용,남,47세,상해없음,승용,남,70세,경상
뺑소니사고,2022092000100615,2022년 9월 20일 22시,화요일,부산광역시 동래구 명륜동,경상사고,0,0,1,0,차대사람 - 횡단중,안전운전불이행,건조,맑음,단일로 - 기타,승용,남,35세,상해없음,보행자,남,62세,경상
뺑소니사고,2022092200100019,2022년 9월 22일 02시,목요일,부산광역시 부산진구 양정동,경상사고,0,0,2,0,차대차 - 기타,안전거리미확보,건조,맑음,단일로 - 기타,승용,남,34세,상해없음,승용,남,70세,경상
뺑소니사고,2022092200100633,2022년 9월 22일 23시,목요일,부산광역시 사하구 하단동,경상사고,0,0,1,0,차대사람 - 차도통행중,안전운전불이행,건조,맑음,단일로 - 지하차도(도로)내,승용,남,20세,상해없음,보행자,남,22세,경상
뺑소니사고,2.02209E+15,2022년 9월 23일 16시,금요일,부산광역시 금정구 서동,중상사고,0,1,0,0,차대사람 - 기타,안전운전불이행,건조,맑음,기타 - 기타,승용,여,66세,상해없음,보행자,여,49세,중상
뺑소니사고,2022092400100227,2022년 9월 24일 12시,토요일,부산광역시 연제구 연산동,경상사고,0,0,2,0,차대차 - 측면충돌,안전운전불이행,건조,맑음,단일로 - 기타,이륜,남,29세,상해없음,승용,남,30세,경상
뺑소니사고,2022092400100531,2022년 9월 24일 19시,토요일,부산광역시 해운대구 우동,경상사고,0,0,1,0,차대차 - 추돌,안전운전불이행,건조,맑음,단일로 - 기타,화물,남,52세,상해없음,승용,남,52세,경상
뺑소니사고,2022092400100613,2022년 9월 24일 22시,토요일,부산광역시 사상구 주례동,중상사고,0,1,0,1,차대사람 - 횡단중,보행자보호의무위반,건조,맑음,교차로 - 교차로안,이륜,남,20세,부상신고,보행자,남,59세,중상
뺑소니사고,2022092400100632,2022년 9월 24일 23시,토요일,부산광역시 해운대구 송정동,경상사고,0,0,1,0,차대차 - 측면충돌,안전운전불이행,건조,맑음,단일로 - 기타,승용,남,25세,상해없음,이륜,남,31세,경상
뺑소니사고,2022092700100561,2022년 9월 27일 20시,화요일,부산광역시 금정구 금사동,경상사고,0,0,1,0,차대차 - 기타,안전운전불이행,건조,맑음,기타 - 기타,승용,남,71세,상해없음,승용,여,25세,경상
뺑소니사고,2022092800100024,2022년 9월 28일 03시,수요일,부산광역시 해운대구 우동,경상사고,0,0,1,0,차대차 - 정면충돌,신호위반,건조,맑음,교차로 - 교차로안,승용,여,25세,상해없음,승용,남,66세,경상
뺑소니사고,2022092800100395,2022년 9월 28일 17시,수요일,부산광역시 금정구 회동동,경상사고,0,0,1,0,차대사람 - 기타,안전운전불이행,건조,맑음,기타 - 기타,승용,남,73세,경상,보행자,여,59세,기타불명
뺑소니사고,2022092900100058,2022년 9월 29일 07시,목요일,부산광역시 금정구 오륜동,부상신고사고,0,0,0,1,차대차 - 측면충돌,안전거리미확보,건조,맑음,단일로 - 기타,승용,남,73세,상해없음,승용,남,30세,부상신고
뺑소니사고,2022093000100639,2022년 9월 30일 21시,금요일,부산광역시 부산진구 전포동,경상사고,0,0,2,0,차대차 - 기타,안전운전불이행,건조,맑음,기타 - 기타,승용,남,54세,상해없음,승용,남,30세,경상
뺑소니사고,2022100100100656,2022년 10월 1일 23시,토요일,부산광역시 북구 덕천동,경상사고,0,0,1,0,차대차 - 측면충돌,안전운전불이행,건조,맑음,교차로 - 교차로부근,승용,남,27세,상해없음,승용,남,68세,경상
뺑소니사고,2022100400100179,2022년 10월 4일 11시,화요일,부산광역시 연제구 연산동,경상사고,0,0,1,0,차대사람 - 길가장자리구역통행중,안전운전불이행,젖음/습기,비,단일로 - 기타,승용,남,39세,상해없음,보행자,여,24세,경상
뺑소니사고,2022100500100596,2022년 10월 5일 23시,수요일,부산광역시 해운대구 재송동,경상사고,0,0,1,0,차대차 - 추돌,안전운전불이행,건조,맑음,교차로 - 교차로부근,승용,남,41세,상해없음,승용,남,21세,경상
뺑소니사고,2022100900100334,2022년 10월 9일 18시,일요일,부산광역시 금정구 남산동,경상사고,0,0,1,0,차대차 - 추돌,안전운전불이행,건조,맑음,기타 - 기타,승용,남,42세,상해없음,승용,남,29세,경상
뺑소니사고,2022101000100464,2022년 10월 10일 22시,월요일,부산광역시 기장군 기장읍,경상사고,0,0,1,0,차대사람 - 기타,안전운전불이행,건조,맑음,기타 - 기타,기타불명,기타불명,미분류,기타불명,보행자,남,30세,경상
뺑소니사고,2022101100100093,2022년 10월 11일 08시,화요일,부산광역시 동구 초량동,경상사고,0,0,1,0,차대차 - 기타,안전운전불이행,건조,맑음,단일로 - 기타,승용,남,61세,상해없음,승용,여,54세,경상
뺑소니사고,2022101100100522,2022년 10월 11일 18시,화요일,부산광역시 영도구 봉래동3가,중상사고,0,1,0,0,차대차 - 측면충돌,안전거리미확보,건조,맑음,단일로 - 기타,승용,남,76세,상해없음,승용,여,40세,중상
뺑소니사고,2022101200100099,2022년 10월 12일 08시,수요일,부산광역시 동구 좌천동,중상사고,0,1,0,0,차대차 - 측면충돌,안전운전불이행,건조,맑음,단일로 - 기타,승용,남,64세,상해없음,승용,여,50세,상해없음
뺑소니사고,2022101300100149,2022년 10월 13일 09시,목요일,부산광역시 부산진구 부전동,중상사고,0,1,0,0,차대차 - 측면충돌,안전운전불이행,건조,맑음,기타 - 기타,승용,남,30세,상해없음,승용,남,62세,중상
뺑소니사고,2022101400100062,2022년 10월 14일 07시,금요일,부산광역시 남구 대연동,경상사고,0,0,2,0,차대차 - 기타,안전운전불이행,건조,맑음,단일로 - 기타,승용,남,65세,상해없음,승용,남,30세,경상
뺑소니사고,2022101500100004,2022년 10월 15일 00시,토요일,부산광역시 해운대구 좌동,중상사고,0,1,0,0,차대차 - 추돌,안전운전불이행,건조,맑음,단일로 - 기타,승용,남,49세,상해없음,승용,남,69세,중상
뺑소니사고,2022101500100119,2022년 10월 15일 10시,토요일,부산광역시 해운대구 중동,경상사고,0,0,1,0,차대사람 - 기타,안전운전불이행,건조,맑음,기타 - 기타,이륜,여,52세,상해없음,보행자,여,34세,경상
뺑소니사고,2022101600100008,2022년 10월 16일 00시,일요일,부산광역시 부산진구 부전동,경상사고,0,0,1,0,차대차 - 추돌,안전운전불이행,건조,맑음,교차로 - 교차로부근,승용,남,30세,상해없음,승용,여,44세,경상
뺑소니사고,2022101700100298,2022년 10월 17일 13시,월요일,부산광역시 동구 초량동,경상사고,0,0,2,0,차대차 - 측면충돌,안전거리미확보,건조,맑음,단일로 - 기타,화물,남,69세,상해없음,승용,남,39세,경상
뺑소니사고,2022101800100088,2022년 10월 18일 08시,화요일,부산광역시 해운대구 우동,경상사고,0,0,1,0,차대차 - 추돌,안전운전불이행,건조,맑음,단일로 - 기타,승용,여,35세,상해없음,승합,남,66세,경상
뺑소니사고,2022102100100071,2022년 10월 21일 07시,금요일,부산광역시 사상구 주례동,경상사고,0,0,1,0,차대사람 - 횡단중,보행자보호의무위반,건조,맑음,단일로 - 기타,이륜,남,26세,상해없음,보행자,여,37세,경상
뺑소니사고,2022102400100632,2022년 10월 24일 22시,월요일,부산광역시 금정구 남산동,경상사고,0,0,1,0,차대차 - 측면충돌,안전운전불이행,건조,맑음,기타 - 기타,이륜,남,21세,기타불명,승용,여,52세,경상
뺑소니사고,2022102500100596,2022년 10월 25일 20시,화요일,부산광역시 부산진구 범천동,경상사고,0,0,1,0,차대사람 - 기타,신호위반,건조,맑음,교차로 - 교차로안,화물,남,38세,상해없음,보행자,여,12세,경상
뺑소니사고,2022102700100563,2022년 10월 27일 19시,목요일,부산광역시 동구 수정동,중상사고,0,1,0,0,차대사람 - 기타,신호위반,건조,맑음,교차로 - 교차로횡단보도내,이륜,남,57세,상해없음,보행자,남,47세,중상
뺑소니사고,2022102800100705,2022년 10월 28일 21시,금요일,부산광역시 동구 수정동,경상사고,0,0,2,0,차대차 - 추돌,안전운전불이행,젖음/습기,흐림,단일로 - 기타,이륜,남,20세,상해없음,승용,남,65세,경상
뺑소니사고,2022102900100078,2022년 10월 29일 08시,토요일,부산광역시 부산진구 가야동,경상사고,0,0,1,0,차대사람 - 기타,안전운전불이행,건조,맑음,단일로 - 기타,승용,여,78세,상해없음,보행자,여,65세,경상
뺑소니사고,2022102900100413,2022년 10월 29일 17시,토요일,부산광역시 강서구 성북동,경상사고,0,0,1,0,차대차 - 측면충돌,안전운전불이행,건조,맑음,단일로 - 기타,기타불명,기타불명,미분류,기타불명,승용,남,40세,경상
뺑소니사고,2022103100100009,2022년 10월 31일 02시,월요일,부산광역시 연제구 연산동,경상사고,0,0,1,0,차대사람 - 보도통행중,기타,건조,맑음,단일로 - 기타,이륜,남,26세,상해없음,보행자,여,51세,경상
뺑소니사고,2022110300100026,2022년 11월 3일 04시,목요일,부산광역시 해운대구 중동,경상사고,0,0,2,0,차대차 - 측면충돌,안전운전불이행,건조,맑음,단일로 - 기타,승용,남,37세,상해없음,화물,남,61세,경상
뺑소니사고,2022110500100211,2022년 11월 5일 12시,토요일,부산광역시 부산진구 가야동,경상사고,0,0,1,0,차대차 - 측면충돌,안전운전불이행,건조,맑음,단일로 - 기타,승합,남,68세,상해없음,자전거,남,49세,경상
뺑소니사고,2022110600100003,2022년 11월 6일 00시,일요일,부산광역시 금정구 남산동,경상사고,0,0,3,0,차대차 - 측면충돌,안전운전불이행,건조,맑음,단일로 - 기타,승용,남,33세,상해없음,승용,남,56세,경상
뺑소니사고,2022110600100504,2022년 11월 6일 22시,일요일,부산광역시 금정구 부곡동,경상사고,0,0,1,0,차대사람 - 차도통행중,안전운전불이행,건조,맑음,단일로 - 기타,승용,남,46세,상해없음,보행자,여,61세,경상
뺑소니사고,2022110800100011,2022년 11월 8일 01시,화요일,부산광역시 부산진구 당감동,경상사고,0,0,2,0,차대차 - 측면충돌,안전운전불이행,건조,맑음,단일로 - 기타,승용,남,27세,상해없음,승용,남,56세,경상
뺑소니사고,2022110900100003,2022년 11월 9일 00시,수요일,부산광역시 연제구 연산동,경상사고,0,0,1,0,차대차 - 측면충돌,안전운전불이행,건조,맑음,단일로 - 기타,승용,남,37세,상해없음,승용,남,73세,경상
뺑소니사고,2022110900100612,2022년 11월 9일 22시,수요일,부산광역시 사하구 다대동,경상사고,0,0,1,0,차대차 - 추돌,안전운전불이행,건조,맑음,교차로 - 교차로부근,승용,남,45세,상해없음,이륜,남,38세,경상
뺑소니사고,2.02211E+15,2022년 11월 9일 23시,수요일,부산광역시 북구 덕천동,경상사고,0,0,1,0,차대차 - 정면충돌,안전운전불이행,건조,맑음,단일로 - 기타,승용,남,40세,상해없음,승용,여,23세,경상
뺑소니사고,2022111000100261,2022년 11월 10일 13시,목요일,부산광역시 해운대구 중동,경상사고,0,0,1,0,차대사람 - 기타,기타,건조,맑음,단일로 - 기타,승합,남,41세,상해없음,보행자,여,68세,경상
뺑소니사고,2022111100100538,2022년 11월 11일 19시,금요일,부산광역시 중구 창선동2가,경상사고,0,0,1,1,차대차 - 측면충돌,교차로운행방법위반,건조,맑음,교차로 - 교차로안,이륜,남,57세,부상신고,이륜,남,45세,경상
뺑소니사고,2022111100100635,2022년 11월 11일 22시,금요일,부산광역시 서구 토성동3가,경상사고,0,0,5,0,차대차 - 추돌,안전운전불이행,건조,맑음,교차로 - 교차로부근,승합,남,56세,상해없음,승용,여,51세,경상
뺑소니사고,2022111300100003,2022년 11월 13일 00시,일요일,부산광역시 사상구 괘법동,중상사고,0,1,0,0,차대사람 - 차도통행중,안전운전불이행,젖음/습기,비,단일로 - 기타,승용,남,35세,상해없음,보행자,남,60세,중상
뺑소니사고,2022111300100264,2022년 11월 13일 16시,일요일,부산광역시 사상구 감전동,경상사고,0,0,1,0,차대사람 - 횡단중,보행자보호의무위반,건조,맑음,단일로 - 기타,승용,남,69세,상해없음,보행자,남,27세,경상
뺑소니사고,2022111500100379,2022년 11월 15일 16시,화요일,부산광역시 부산진구 전포동,중상사고,0,1,0,0,차대차 - 기타,안전운전불이행,건조,맑음,교차로 - 교차로안,화물,남,59세,상해없음,이륜,남,39세,중상
뺑소니사고,2022111500100475,2022년 11월 15일 18시,화요일,부산광역시 연제구 연산동,경상사고,0,0,1,0,차대사람 - 기타,기타,건조,맑음,기타 - 기타,승용,남,72세,상해없음,보행자,남,33세,경상
뺑소니사고,2.02211E+15,2022년 11월 16일 22시,수요일,부산광역시 금정구 부곡동,경상사고,0,0,1,0,차대사람 - 기타,안전운전불이행,건조,맑음,기타 - 기타,승용,남,64세,기타불명,보행자,여,35세,경상
뺑소니사고,2.02211E+15,2022년 11월 17일 22시,목요일,부산광역시 강서구 명지동,경상사고,0,0,2,0,차대차 - 기타,중앙선침범,건조,맑음,교차로 - 교차로부근,승용,여,26세,상해없음,승용,여,33세,경상
뺑소니사고,2022112000100132,2022년 11월 20일 12시,일요일,부산광역시 동구 초량동,경상사고,0,0,1,0,차대사람 - 기타,안전운전불이행,건조,맑음,단일로 - 기타,승용,남,28세,상해없음,보행자,여,28세,경상
뺑소니사고,2022112100100296,2022년 11월 21일 15시,월요일,부산광역시 서구 남부민동,경상사고,0,0,3,0,차대차 - 측면충돌,안전운전불이행,건조,맑음,단일로 - 기타,원동기,남,73세,경상,승용,남,27세,경상
뺑소니사고,2022112100100525,2022년 11월 21일 20시,월요일,부산광역시 동구 초량동,경상사고,0,0,2,0,차대차 - 측면충돌,안전거리미확보,건조,맑음,교차로 - 교차로부근,화물,남,68세,상해없음,승용,여,61세,경상
뺑소니사고,2.02211E+15,2022년 11월 22일 20시,화요일,부산광역시 금정구 금사동,경상사고,0,0,1,0,차대차 - 기타,안전운전불이행,건조,맑음,기타 - 기타,승용,여,55세,상해없음,승용,남,63세,경상
뺑소니사고,2022112200100567,2022년 11월 22일 21시,화요일,부산광역시 연제구 거제동,경상사고,0,0,1,0,차대사람 - 횡단중,안전운전불이행,젖음/습기,흐림,교차로 - 교차로안,승용,남,62세,상해없음,보행자,여,58세,경상
뺑소니사고,2022112200100621,2022년 11월 22일 23시,화요일,부산광역시 부산진구 범천동,경상사고,0,0,1,0,차대차 - 추돌,안전운전불이행,젖음/습기,비,교차로 - 교차로부근,기타불명,기타불명,미분류,기타불명,승용,남,70세,경상
뺑소니사고,2022112300100569,2022년 11월 23일 23시,수요일,부산광역시 사상구 주례동,중상사고,0,1,0,0,차대차 - 기타,차로위반,기타,맑음,교차로 - 교차로부근,승용,남,69세,상해없음,이륜,남,32세,중상
뺑소니사고,2022112400100134,2022년 11월 24일 09시,목요일,부산광역시 부산진구 양정동,경상사고,0,0,3,0,차대차 - 기타,신호위반,건조,맑음,교차로 - 교차로안,승용,남,29세,상해없음,승합,남,54세,상해없음
뺑소니사고,2022112400100292,2022년 11월 24일 14시,목요일,부산광역시 사상구 학장동,경상사고,0,0,1,0,차대사람 - 횡단중,신호위반,건조,맑음,교차로 - 교차로안,승용,남,82세,상해없음,보행자,남,11세,경상
뺑소니사고,2022112500100517,2022년 11월 25일 19시,금요일,부산광역시 동래구 안락동,중상사고,0,1,0,0,차대차 - 측면충돌,중앙선침범,건조,맑음,단일로 - 기타,화물,남,61세,상해없음,승용,남,42세,중상
뺑소니사고,2022112600100048,2022년 11월 26일 03시,토요일,부산광역시 부산진구 부전동,중상사고,0,1,0,0,차대사람 - 기타,안전운전불이행,건조,맑음,단일로 - 기타,승용,남,28세,상해없음,보행자,남,63세,중상
뺑소니사고,2022112800100084,2022년 11월 28일 08시,월요일,부산광역시 금정구 구서동,경상사고,0,0,1,0,차대사람 - 길가장자리구역통행중,안전운전불이행,건조,맑음,기타 - 기타,승용,남,25세,상해없음,보행자,여,14세,경상
뺑소니사고,2022112800100305,2022년 11월 28일 15시,월요일,부산광역시 기장군 정관읍,경상사고,0,0,1,0,차대사람 - 횡단중,보행자보호의무위반,건조,맑음,교차로 - 교차로부근,승용,여,46세,상해없음,보행자,남,11세,경상
뺑소니사고,2.02211E+15,2022년 11월 28일 17시,월요일,부산광역시 부산진구 부전동,중상사고,0,1,0,0,차대차 - 추돌,안전운전불이행,건조,맑음,교차로 - 교차로부근,화물,남,56세,상해없음,이륜,남,34세,중상
뺑소니사고,2022112900100024,2022년 11월 29일 03시,화요일,부산광역시 연제구 연산동,사망사고,1,0,1,0,차대사람 - 횡단중,신호위반,젖음/습기,비,교차로 - 교차로횡단보도내,이륜,남,17세,경상,보행자,남,53세,사망
뺑소니사고,2022112900100238,2022년 11월 29일 12시,화요일,부산광역시 연제구 연산동,중상사고,0,1,0,0,차대차 - 기타,신호위반,젖음/습기,흐림,교차로 - 교차로안,이륜,남,35세,상해없음,이륜,남,28세,중상
뺑소니사고,2.02211E+15,2022년 11월 29일 16시,화요일,부산광역시 부산진구 개금동,경상사고,0,0,1,0,차대사람 - 횡단중,안전운전불이행,건조,맑음,교차로 - 교차로부근,기타불명,기타불명,미분류,기타불명,보행자,여,14세,경상
뺑소니사고,2022112900100512,2022년 11월 29일 20시,화요일,부산광역시 동구 초량동,경상사고,0,0,1,0,차대차 - 기타,중앙선침범,건조,맑음,단일로 - 기타,승용,남,32세,상해없음,승합,남,56세,경상
뺑소니사고,2022113000100346,2022년 11월 30일 17시,수요일,부산광역시 연제구 거제동,부상신고사고,0,0,0,1,차대차 - 기타,안전운전불이행,건조,맑음,단일로 - 기타,승용,남,78세,상해없음,자전거,남,39세,부상신고
뺑소니사고,2022120300100534,2022년 12월 3일 22시,토요일,부산광역시 동구 초량동,경상사고,0,0,1,0,차대차 - 측면충돌,안전거리미확보,건조,맑음,단일로 - 기타,승용,남,48세,상해없음,승용,남,28세,경상
뺑소니사고,2022120400100201,2022년 12월 4일 15시,일요일,부산광역시 중구 남포동5가,경상사고,0,0,1,0,차대사람 - 차도통행중,안전운전불이행,건조,맑음,단일로 - 기타,승용,남,67세,상해없음,보행자,남,58세,경상
뺑소니사고,2022120700100012,2022년 12월 7일 02시,수요일,부산광역시 수영구 광안동,경상사고,0,0,1,0,차대차 - 추돌,안전운전불이행,건조,맑음,단일로 - 기타,승용,남,44세,상해없음,승용,남,36세,경상
뺑소니사고,2022120700100126,2022년 12월 7일 09시,수요일,부산광역시 동구 초량동,경상사고,0,0,1,0,차대사람 - 길가장자리구역통행중,안전운전불이행,건조,맑음,단일로 - 기타,승용,남,70세,상해없음,보행자,여,25세,경상
뺑소니사고,2022120800100152,2022년 12월 8일 09시,목요일,부산광역시 부산진구 전포동,경상사고,0,0,1,0,차대사람 - 기타,안전운전불이행,건조,맑음,단일로 - 기타,기타불명,기타불명,미분류,기타불명,보행자,여,40세,경상
뺑소니사고,2022120800100231,2022년 12월 8일 11시,목요일,부산광역시 부산진구 부전동,경상사고,0,0,3,0,차대차 - 추돌,안전운전불이행,건조,맑음,단일로 - 기타,승용,남,29세,상해없음,승용,남,62세,경상
뺑소니사고,2022120800100263,2022년 12월 8일 12시,목요일,부산광역시 부산진구 부전동,경상사고,0,0,2,0,차대차 - 기타,안전운전불이행,건조,맑음,단일로 - 기타,승용,남,28세,상해없음,승용,여,63세,경상
뺑소니사고,2022120800100293,2022년 12월 8일 13시,목요일,부산광역시 금정구 장전동,경상사고,0,0,1,0,차대사람 - 기타,안전운전불이행,건조,맑음,기타 - 기타,승용,남,67세,상해없음,보행자,남,47세,경상
뺑소니사고,2022120900100405,2022년 12월 9일 18시,금요일,부산광역시 부산진구 범천동,경상사고,0,0,1,0,차대사람 - 기타,안전운전불이행,건조,맑음,단일로 - 기타,기타불명,기타불명,미분류,기타불명,보행자,남,52세,경상
뺑소니사고,2022121100100326,2022년 12월 11일 18시,일요일,부산광역시 부산진구 연지동,경상사고,0,0,2,0,차대차 - 추돌,안전운전불이행,건조,맑음,교차로 - 교차로부근,승용,남,53세,상해없음,승용,여,39세,경상
뺑소니사고,2022121100100412,2022년 12월 11일 21시,일요일,부산광역시 동구 초량동,경상사고,0,0,2,0,차대차 - 측면충돌,중앙선침범,건조,맑음,단일로 - 기타,원동기,남,61세,상해없음,승용,남,19세,경상
뺑소니사고,2022121200100011,2022년 12월 12일 01시,월요일,부산광역시 해운대구 송정동,경상사고,0,0,1,0,차대차 - 기타,중앙선침범,건조,맑음,단일로 - 기타,승용,남,25세,상해없음,이륜,남,24세,경상
뺑소니사고,2.02212E+15,2022년 12월 14일 09시,수요일,부산광역시 기장군 기장읍,경상사고,0,0,2,0,차대차 - 추돌,안전운전불이행,건조,맑음,교차로 - 교차로부근,승용,남,55세,상해없음,승용,여,52세,경상
뺑소니사고,2022121500100522,2022년 12월 15일 21시,목요일,부산광역시 사상구 괘법동,중상사고,0,1,0,0,차대차 - 추돌,안전운전불이행,건조,맑음,단일로 - 기타,승용,남,27세,상해없음,원동기,남,38세,중상
뺑소니사고,2022121600100063,2022년 12월 16일 07시,금요일,부산광역시 해운대구 우동,경상사고,0,0,1,0,차대차 - 측면충돌,안전거리미확보,건조,맑음,단일로 - 교량,승용,남,37세,상해없음,승용,여,46세,경상
뺑소니사고,2022122100100318,2022년 12월 21일 16시,수요일,부산광역시 사하구 하단동,경상사고,0,0,1,0,차대차 - 기타,신호위반,건조,맑음,교차로 - 교차로안,승용,여,49세,상해없음,이륜,남,57세,경상
뺑소니사고,2022122300100502,2022년 12월 23일 21시,금요일,부산광역시 연제구 연산동,경상사고,0,0,1,0,차대사람 - 기타,안전운전불이행,건조,맑음,단일로 - 기타,승용,남,68세,상해없음,보행자,남,66세,경상
뺑소니사고,2022122400100042,2022년 12월 24일 04시,토요일,부산광역시 강서구 대저1동,경상사고,0,0,2,0,차대차 - 추돌,안전운전불이행,서리/결빙,맑음,교차로 - 교차로부근,화물,기타불명,미분류,기타불명,승용,남,21세,경상
뺑소니사고,2022122400100457,2022년 12월 24일 19시,토요일,부산광역시 북구 금곡동,경상사고,0,0,1,0,차대차 - 기타,불법유턴,건조,맑음,단일로 - 기타,이륜,남,19세,상해없음,원동기,남,41세,경상
뺑소니사고,2.02212E+15,2022년 12월 28일 09시,수요일,부산광역시 부산진구 부전동,경상사고,0,0,1,0,차대사람 - 기타,안전운전불이행,건조,맑음,단일로 - 기타,승용,남,29세,상해없음,보행자,여,27세,경상
뺑소니사고,2022122800100238,2022년 12월 28일 13시,수요일,부산광역시 부산진구 부전동,경상사고,0,0,1,0,차대사람 - 길가장자리구역통행중,안전운전불이행,건조,맑음,단일로 - 기타,승용,여,65세,상해없음,보행자,여,53세,경상
뺑소니사고,2022122800100529,2022년 12월 28일 20시,수요일,부산광역시 금정구 부곡동,경상사고,0,0,1,0,차대차 - 기타,안전거리미확보,건조,맑음,단일로 - 기타,원동기,남,20세,상해없음,승용,남,21세,경상
뺑소니사고,2022122900100043,2022년 12월 29일 06시,목요일,부산광역시 부산진구 부전동,경상사고,0,0,1,0,차대차 - 기타,안전운전불이행,건조,맑음,단일로 - 기타,승용,남,24세,상해없음,승용,남,27세,경상
뺑소니사고,2022122900100382,2022년 12월 29일 17시,목요일,부산광역시 사상구 학장동,경상사고,0,0,2,0,차대차 - 측면충돌,교차로운행방법위반,건조,맑음,교차로 - 교차로안,승용,남,72세,상해없음,승용,남,57세,경상
뺑소니사고,2022123000100018,2022년 12월 30일 01시,금요일,부산광역시 기장군 기장읍,경상사고,0,0,1,0,차대차 - 측면충돌,신호위반,건조,맑음,교차로 - 교차로부근,승용,남,41세,상해없음,승용,남,67세,경상
뺑소니사고,2022123000100504,2022년 12월 30일 18시,금요일,부산광역시 금정구 장전동,부상신고사고,0,0,0,1,차대차 - 추돌,안전운전불이행,건조,맑음,기타 - 기타,이륜,남,17세,상해없음,승용,남,40세,부상신고
뺑소니사고,2022123000100505,2022년 12월 30일 18시,금요일,부산광역시 금정구 남산동,경상사고,0,0,1,0,차대사람 - 길가장자리구역통행중,안전운전불이행,건조,맑음,기타 - 기타,승용,남,66세,상해없음,보행자,여,33세,경상
뺑소니사고,2022123100100265,2022년 12월 31일 14시,토요일,부산광역시 금정구 남산동,경상사고,0,0,1,0,차대사람 - 기타,안전운전불이행,건조,맑음,기타 - 기타,승용,남,63세,상해없음,보행자,여,50세,경상